,본문,제목
0,"그런데 박지원 의원은 문제의 동영상을 지난 2013년 3월 초에 경찰에게 받아서 박영선 의원과 공유했다고 오늘(28일) 말했습니다. 경찰은 그동안 동영상을 3월 18일쯤에 입수했다고 했는데 박지원 의원 말대로라면 그보다 앞서서 경찰이 당시 야당 의원에게 그 영상을 먼저 보여준 게 됩니다. 경찰이 정확히 언제 동영상을 입수한 것인지, 왜 국회의원에게 보여 준 것인지 밝혀야 할 게 많아 보입니다.이호건 기자가 짚어봤습니다.박지원 의원은 김학의 전 차관 동영상을 2013년 3월 초, 경찰 고위 간부로부터 받았다고 밝혔습니다.[박지원/민주평화당 의원 : 3월 초 경찰 고위 간부로부터 김학의 전 차관에 대한 CD 동영상과 녹음테이프, 그리고 사진을 입수해서…]먼저 3월 초라는 시점, 김 전 차관 내정 발표 13일보다 훨씬 빠르고 지금까지 경찰 설명과도 완전히 배치됩니다.당시 김기용 경찰청장, 또 이세민 수사기획관은 SBS 취재진에 동영상 확보 시점을 3월 18일쯤이라고 밝혔습니다.그래서 내사 착수도 그때 이뤄졌다고 설명해 왔습니다.경찰이 동영상을 입수한 시점, 그동안의 설명과 다른 이유가 규명돼야 합니다.둘째, 수사 외압 의혹이 짙어졌습니다.박 의원은 경찰 고위 간부가 동영상을 넘기면서 제대로 수사를 안 할 것 같다며 폭로를 부탁했다고 말했습니다.[박지원/민주평화당 의원 : 경찰에서 (수사)하지 않으니깐, 저보고 이거 가지고 법사위에서 터뜨려 달라.]수사 외압이 있음을 알렸다는 취지입니다. 외압의 실체를 규명하는 데 단서가 될 수 있는 증언인 겁니다.그렇다면 자연스럽게 경찰이 3월 초에 야당에 흘린 동영상인데 당시 청와대가 확보하지 못했다는 게 사실인지 의문은 커집니다.당시 민정수석 곽상도 의원은 김 전 차관 내정 이후 즉 13일에 경찰이 동영상 존재와 내사 검토 사실을 보고해 왔다고 했지만, 당시 경찰 간부들은 내정 전에 관련 보고를 올렸다고 엇갈린 주장을 합니다.당시 청와대 누군가가 경찰 보고를 뭉갠 것인지, 아니면 경찰이 검찰 견제 등을 위해 이중 플레이를 했던 것인지도 재수사에서 밝혀야 할 핵심 포인트입니다.(영상취재 : 이승환, 영상편집 : 김선탁)▶ 박영선, '6년 전 일정표' 공개…""黃 귀 빨개진 모습 생생""▶ 한국당 ""박영선, 환자 수준의 망상""…더 꼬인 청문 정국이호건 기자(hogeni@sbs.co.kr)※ ⓒ SBS & SBS Digital News Lab. : 무단복제 및 재배포 금지","""김학의 동영상, 3월 초 경찰이 제공""…시점·이유 규명해야"
1,"SUB_TITLE_STARTSUB_TITLE_END문재인 대통령의 ‘입’인 김의겸 청와대 대변인(56·사진)이 논란의 중심으로 떠올랐다. 지난해 10억원가량 은행 빚을 내 재개발지역의 복합건물을 25억여원에 매입한 사실이 드러나면서 부동산 투기 논란에 휩싸인 것이다.최근 인사청문회를 거치면서 고위 공직자의 부동산 재테크에 대한 비판 여론이 비등해졌고 자유한국당 등 야당도 4·3 재·보궐 선거를 앞두고 쟁점화할 태세여서 파문은 쉽게 가라앉지 않을 것으로 보인다. 김 대변인이 조만간 사퇴할 수밖에 없을 것이라는 관측이 나온다.정부공직자윤리위원회가 지난 27일 공개한 올해 정기 공직자 재산신고 현황을 보면, 김 대변인은 지난해 7월 재개발지역인 서울 동작구 흑석동 소재 복합건물을 25억7000만원에 매입했다.김 대변인에 따르면 매입자금 중 14억원은 교사 출신 아내의 퇴직금과 전세자금 등 기존 보유 재산을 털어 마련했다. 나머지는 은행에서 대출을 받거나(10억원) 친·인척에게 빌려(1억원) 장만했다. 김 대변인 부부의 전 재산과 은행 대출, 사인 간 채무를 통해 마련한 자금을 털어넣어 복합건물 매입에 ‘올인’한 셈이다. 해당 지역에서 부동산중개소를 하는 친척의 권유를 받아 복합건물을 매입하게 됐다고 김 대변인은 밝혔다.김 대변인은 28일 브리핑에서 복합건물을 산 이유에 대해 “재개발이 완료되면 아파트와 상가를 받을 수 있다고 알고 있다”며 “제가 청와대를 나가면 달리 수익이 없기에 상가 임대료로 도움을 받을 수 있을 것으로 생각했다”고 해명했다. 또 “결혼 후 30년 가까이 집 없이 전세 생활을 했고, 지난해 2월 (대변인 임명 뒤에는) 청와대 관사에서 살고 있다”며 “하지만 청와대에서 언제 나갈지 알 수 없고, 물러나면 관사도 비워줘야 한다”고 말했다.김 대변인은 “이미 집이 있는데 또 사거나 시세차익을 노리고 되파는 투기에 해당하지 않는다”고 했지만, 해당 건물이 재개발지역에 있다는 점에서 ‘투자냐, 투기냐’는 논란이 가라앉지 않고 있다.복합건물이 소재한 흑석동은 8·2 부동산대책 때 투기과열지구로 분류된 곳이다. 게다가 김 대변인이 건물을 매입한 지난해 7월은 서울을 중심으로 부동산값이 급등해 정부가 ‘투기와의 전쟁’을 벌이던 시점이다.대통령을 지근거리에서 보좌하는 공직자가 굳이 투기 의혹을 감수하면서까지 건물을 구입한 것이 적절했느냐는 비판도 나온다. 공적 사회안전망을 강조하는 문재인 정부의 청와대 대변인이 상가 임대 소득을 노후대책으로 삼겠다고 하는 것이 적절하냐는 지적도 있다.청와대는 김 대변인 건이 장관 후보자들의 부동산 투기 의혹과 맞물려 커질까 봐 긴장하고 있다. 특히 김 대변인은 “제 나이에 나가서 또 전세 생활을 하고 싶지는 않았다”고 했는데, 이 발언이 서민층의 상대적 박탈감을 키울 수 있다는 점도 우려하고 있다. 김 대변인을 각별히 신임하는 문 대통령에게 불똥이 튈까 경계하는 기류도 읽힌다.한국당 소속 운영위원회, 국토교통위원회 의원들은 이날 오후 김 대변인이 매입한 흑석동 복합건물을 방문하는 등 쟁점화를 시작했다.전희경 대변인은 논평을 내고 “청와대의 입이라는 대변인까지 나서서 투기질을 하고 다녔다니 가히 ‘내노남불’(내가 하면 노후대책, 남이 하면 불법투기) 정권”이라고 비판했다.정제혁·김지환 기자  jhjung@kyunghyang.com▶▶▶©경향신문(www.khan.co.kr), 무단전재 및 재배포 금지",위기 내몰린 청와대 ‘메신저’…‘엇나간 해명’까지 사퇴 여론
2,"별장 성폭력 의혹의 당사자인 김학의 전 법무부 차관과 친분이 있는 것으로 알려진 정두언 전 국회의원이 ""나도 그 (문제의) 별장에 한 번 놀러가자는 제의를 받은 적이 있다""고 밝혔다.""김학의 전 차관과 고교 시절 같은 반이었다""는 정 전 의원은 28일(오늘) KBS 1TV 사사건건에 출연해 ""2009년쯤으로 기억하는데 (김학의 전 차관이 아닌) 누군가가 한번 그런 재미있는 곳이 있다며 놀러가자고 제의한 적이 있다""며 이 같이 말했다. 정 전 의원은 누가 제의했는지는 밝히지 않았다.정 전 의원은 그러나 ""뭔가 좀 이상해 가지 않았는데 갔으면 큰일 날 뻔했다""면서도 ""(친구인) 김학의 전 차관이 주위에 그 별장에 대해 얘기했는지 여부는 알지 못한다""고 덧붙였다.김원장 앵커가 ""검사들 외에 병원장이나 군 장성들이 그 별장에 갔다는 말도 있다""고 언급하자 정 전 의원은 ""(그에 대해선) 알지 못한다""며 ""아는 것만 얘기하는 것""이라고 말했다.정 전 의원은 그러면서 ""김학의 전 차관 관련 사건을 주도한 건 청와대였기 때문에 황교안 자유한국당 대표가 김학의 전 차관 관련 사건에 개입하거나 관여했다고 생각하지 않는다""며 ""황 대표는 당시 개입할 위치에 있지도 않았고, 성향상 그런 데 관여할 사람이 아니다""라고 말했다.그러나 ""황 대표가 처음부터 (동영상에 대해) 모른다고 하면서 일을 키웠다""며 ""당시 (법무부) 장관이 이 일을 모른다고 하면 그 말을 믿는 사람이 대한민국에 누가 있냐""고 지적했다.함께 출연한 정청래 전 국회의원도 이와 관련해 ""황 대표가 '눈 가리고 아웅'하고 있는 건 아닌지"" 의심하면서 ""장관 후보자 청문회에서 박영선 후보자가 당시 그 동영상 CD를 꺼내 황 대표에게 보여줬다는 말이 맞는 것 같다""고 말했다.정 전 의원은 ""사사건건 방송 출연 전 박 후보자와의 통화에서 물어보니 2013년 3월 13일 오후 4시40분에 국회 법사위원장실에서 황교안 당시 법무부 장관을 만난 기록을 찾아냈다고 하더라""며 ""박 후보자가 이 자리에서 박지원 의원으로부터 받은 CD를 보니 문제가 심각하다고 얘기했는데, (당시 말을 들은) 황 대표는 다른 얘기를 하고 있다""고 지적했다.그러면서 ""황 대표에게 별장에 갔는지 묻는 게 아니라 취임 당시 김학의 사건 수사 과정에 개입했는지 묻는 것""이라며 ""박영선 당시 법사위원장과 그날 그 시간에 위원장실에서 만났는지, 만나서 관련 대화를 했는지를 밝히면 된다""고 말했다.정 전 의원은 이어 ""재수사를 한다면 별장 안에서 성폭력이 있었는지, 당시 경찰 수사라인을 누가 교체했는지 밝혀야 하고, 무혐의 처분한 검찰은 제대로 수사했는지 그 사람들을 수사해야 한다""고 말했다.한편 김의겸 청와대 대변인의 고가 부동산 매입 논란과 관련해 정두언 전 의원은 ""매입 시기가 문제""라며 ""부동산 가격이 굉장히 급등하면서 청와대가 여러 가지 규제를 막 내놓을 때 저런 부동산을 구입했다는 것은 도덕적으로 문제가 있다""고 지적했다.또 ""김 대변인이 받은 대출이 과도하다""면서 ""국토교통부 장관 후보자 청문회에서 후보자의 부동산 투기 의혹이 불거진 마당에 이런 일이 또 생겨서 더 문제가 되는 것 같다""고 말했다.정두언 전 의원도 ""오얏나무 아래에서는 갓 끈을 매지 마라는 말이 있다""면서 ""(매입) 시점이 좋지 않다""고 지적했다.정 전 의원은 ""지금까지 집 한 채 없이 살았고 대변인에서 물러나면 갈 집이 없다는 김 대변인 말에도 수긍이 가는 측면이 있고 공직자가 집을 사지 말라는 법은 없다""면서도 ""어쨌든 지금 입에 오르내리고 있는 것 자체가 대통령에게 누가 되지 않나 하는 생각이 든다""고 말했다.김경수 기자 (bada@kbs.co.kr)",[여의도 사사건건] 정두언 “김학의는 같은 반 친구…나도 별장 초대받아”
3,"[앵커]그런데 이 문제와 관련해서 박영선 중소기업부 장관 후보자가 어제 청문회에서 한 발언의 후폭풍이 거셉니다. 황교안 당시 법무부 장관에게 김학의 동영상 CD를 보여줬다고 했다가, 황교안 대표가 본적이 없다고 반박하자 CD를 보여준 건 아니라고 말을 바꿨기 때문입니다. 야당은 박 후보자가 국회 청문회에서 위증을 했다며 고발을 예고했습니다. 어쨋든 박영선 후보자로서는 황교안 자유한국당 대표에게로 관심을 돌리면서 자신에게 쏟아지는 소나기 의혹을 일단 피하는 데는 성공한 것 같습니다.이미지 기자입니다.[리포트]법사위원장실에서 황교안 당시 법무장관에게 김학의 동영상 CD를 꺼내 보여줬다고 청문회에서 주장했던 박영선 중소기업부 장관 후보자는 기자들 앞에서 말을 바꿨습니다.박영선""(CD를 보여주셨나요?) 아니요. (플레이 해주신 건 아니고요?)""박 후보자는 그러나 당시 황 장관에게 김학의 의혹을 알려준 건 사실이라며 면담 날짜가 적힌 일정표를 공개했습니다. 동영상의 존재를 알려주자 당시 황 장관이 당황해서 귀까지 빨개졌다고 주장했습니다.당시 면담 날짜는 2013년 3월 13일. 황교안 장관이 임명된지 이틀 후이자, 김학의 차관이 임명되기 이틀 전, TV조선이 김학의 의혹을 최초 보도하기 하루 전입니다. 그리고 경찰이 김학의 동영상을 확보한 3월 19일보다도 앞선 시점입니다.곽상도""경찰 고위관계자 누가 수사기밀인 동영상CD를 야당 박지원 의원에게 넨 것인지 밝혀달라""한국당은 박 후보자가 청문회에서 허위진술을 했다며 고발을 예고했습니다.황교안"" 내가 CD를 보고 그거에 관련한 이야기를 한 적 은 없다"" 한국당은 또 6월 17일 법사위 회의에서 당시 박영선 위원장이 ""그동안 김학의 차관과 관련된 여러 이야기들이 있었음에도 (법무장관께) 말하지 않았다""고 적힌 속기록을 공개했습니다.tv조선 이미지입니다.* 뉴스제보 : 이메일(tvchosun@chosun.com), 카카오톡(tv조선제보), 전화(1661-0190)이미지 기자(moditt84@chosun.com)- Copyrights ⓒ TV조선. 무단전재 및 재배포 금지 -","말 바꾼 박영선 ""CD는 안보여줬다"", 野 ""청문회 거짓진술"""
4,"[앵커]뉴스 줌인 시간입니다.  정윤섭 기자 나와 있습니다.정 기자,  어떤 소식인가요?[기자]뒤 화면 보시면, 어떤 수첩의 복사본인데, 5시 15분 황교안 법무부장관이라고 적혀 있는데요.이 수첩의 주인은 평화당 박지원 의원.앞서 리포트에서도 전해드렸지만 2013년에 박영선, 황교안 이 두 사람이 만난 정황으로 오늘(28일) 공개한 겁니다.[앵커]벌써 6년 전인데, 그 때의 수첩을 그대로 갖고 있었다는 거잖아요?[기자]그렇죠. 사실 박 의원은 자타공인, 정보통 아닙니까?그 정보들이 수첩에 다 적혀 있다는 거고, 오늘(28일) 저 메모를 공개한 기자간담회에서도 기자들이 보려고 하니까 서둘러 수첩을 감추고, 저렇게 복사를 해서 돌린겁니다.[앵커]또 중요한 정보가 있었나 보죠.[기자]아무래도 그렇게 생각이 되죠?그래서 박 의원 수첩은 항상 언론의 관심이 되기도 했는데요,저 사진은 2012년에 오마이뉴스에 실렸던 건데, 일정이나 메모들이 색깔별로 적혀 있죠?사실 저 때가 저축은행에서 돈을 받았다, 이런 혐의로 수사를 받을 때였는데, 결국 무죄로 확정이 됐죠.역시 수첩 내용이 결정적이었다는 얘기도 있습니다.[앵커]어디 인터뷰에서 수첩을 흔들면 장관들이 떤다 이런 말을 했던 기억도 있고요.[기자]네 그렇지 않아도 오늘(28일) 저희가 박 의원을 만났는데요역시 그 얘기를 빼놓지 않았습니다. 직접 들어보겠습니다.[박지원/민주평화당 의원 : ""제가 국정감사 또는 인사청문회에서 9명을 낙마시켜봤지만, 이걸 들고 일갈하면 낙마가 되더라고요.""]박 의원 특유의 농담이 섞인 말이긴 하지만, 이런 말도 하더라고요, 휴대전화 기록은 영원히 남는다, 남기지 말아야할 것들은 수첩에 적는다.휴대전화는 복원이 되지만 수첩은 따로 보관할 수 있으니까요.[앵커]점점 더 그 수첩들의 내용이 궁금해지는데요,그동안 모아둔 양도 상당하겠어요?[기자]1년에 20권 정도는 쓴다고 해서, 어디에 보관하냐 물었더니 대답은 하느님만 안다 이거였습니다.지금 보시는 게 요즘 박 의원이 쓰는 수첩인데, 저희가 혹시나 해서 내용을 좀 봤는데 역시 안보여주더라고요.[앵커]결국 기록의 힘이잖습니까? 박 의원의 경우처럼 위력을 발휘하기도 하지만 때로는 양날의 검이 되기도 하고...[기자]그렇죠. 박근혜 정부의 국정농단 사건도 안종범 전 수석의 수첩이 결정적인 역할을 했고요.양승태 전 대법원장 구속 과정에도 한 부장판사의 수첩이 있었고요.이번 진실공방에서도 박 의원 수첩이 또 어떤 역할을 할 지 주목되는 이유이기도 합니다.오늘(28일) 준비한 소식은 여기까집니다.[앵커]뉴스줌인 정윤섭 기자였습니다.정윤섭 기자 (bird2777@kbs.co.kr)",[뉴스줌인] “보관 장소는 하느님만 안다”…박지원의 수첩
5,"[앵커]비하인드뉴스 시작을 하겠습니다. 수첩을 못 전해 드렸네요. 박성태 기자가 나와 있습니다. 첫 번째 키워드를 열어볼까요.[기자]첫 키워드는 < 6월 17일의 '선문답' > 으로 잡았습니다.[앵커]6월 17일의 선문답? 6월 17일은 우선 어떤 날입니까?[기자]2013년 6월 17일 당시 국회 법사위에서 박영선 법사위원장이 당시 황교안 법무부 장관에게 질문이 있었던 날입니다.박영선 중소벤처기업부 장관 후보자가 어제(27일) 자유한국당 황교안 대표가 법무부 장관 시절일 때 본인이 김학의 동영상 관련해서 얘기를 한 바 있다, 해서 논란이 됐는데요.한 명은 기억이 안 난다고 하고 한 명은 얘기했다고 해서 계속 논란이 됐습니다.그런데 오늘 박지원 민주평화당 의원이 황교안 대표가 당시에 알고 있었다는 정황이 있다면서 앞서 언급한 6월 17일을 얘기했습니다.라디오 인터뷰 내용인데요.박영선 법사위원장이 황 장관에게 김학의 전 차관 관련 사항 다 알 겁니다 이렇게 물어봤는데 당시 황 장관의 반응이 눈을 깜빡거리고 고개를 미세하게 끄덕거렸다. 즉 저것이 알고 있었다는 취지로 깜빡거렸다는 것입니다.[앵커]그런데 이게 정확한 근거가 될까요? 그냥 답변하면서 버릇처럼 그렇게 했을 가능성도 있고 또 실제로 아 그렇지 그거 내가 알고 있다 이렇게 또 인정하는 것으로 보일 수도 있고 그렇습니다.[기자]그래서 그 6월 17일 법사위 영상을 구했는데요. 잠깐 보도록 하겠습니다.[박영선/당시 법사위원장 (2013년 6월 17일) : 아마 장관님은 김학의 차관과 관련된 여러 가지 사실을 다 알고 계실 겁니다. 저희가 그 알고 있다는 사실을 알고 있기 때문에 지금까지 질문드리지 않은 것입니다.][기자]내용만 보면 일단 선문답 같은데 박영선 의원 측에서는 당시 그런 취지로 질문한 게 맞다고 확인을 했고요.영상에서 봤듯이 황교안 당시 장관이 눈을 자주 깜빡거리고 미세하게 고개를 끄덕거렸는데 제가 확인해 보니까 그 전 질문에도 눈을 자주 깜빡거리고 했었습니다.그래서 제가 박지원 의원에게 저걸로 황교안 당시 장관이 인정한다는 취지로 볼 수 없지 않냐라고 물어봤는데 박지원 의원은 만약에 황 장관이 몰랐다면 그 자리에서 부인했을 성정이다.[앵커]성격상?[기자]네, 알고 있었다는 징표다라고 얘기를 했습니다. 물론 박지원 의원의 주장이고요.하지만 더 확실한 건 이제 당시의 정황을 보면 6월 17일이면 김학의 전 차관의 성범죄 동영상이 논란이 된 지 석 달 정도가 지난 시점이기 때문에 사실 그런 논란을 가지고서도 고개를 끄덕거렸을 가능도 배제할 수 없습니다.다만 박영선 의원이 앞서 리포트에서 나왔듯이 당시에 3월 13일 황교안 법무부 장관과 만나기로 일정이 있었기 때문에 그때 만남은 있었고 혹시 관련 얘기가 오갔지 않았겠느냐라는 추정은 가능해 보입니다.[앵커]두 번째 키워드는요.[기자]두 번째 키워드는 < 공시가격의 '함정' > 으로 잡았습니다.[앵커]어떤 얘기입니까?[기자]오늘 고위공직자의 재산이 공개됐는데요.물론 국민 눈높이에 맞지 않는 방법으로 재산을 증식하거나 집이 너무 많은 경우도 있었는데 여기에 나타난 고위 공직자 재산 공개에 표시된 가격보다 실제 부동산 가격은 훨씬 높습니다.일례로 이낙연 국무총리의 재산 공개를 가지고 나왔는데요.이 총리는 집은 1채가 있는데요.강남에 있는데 공식 재산 신고가액은 9억 2000만 원으로 돼 있습니다.그런데 9억 2000만 원 가지고는 저 집을 살 수가 없고요.실제 실거래가는 16억 원 정도 되는 것입니다.이런 문제는 법에 재산을 신고할 때 공시가격이나 실거래가 중 하나로 신고하게 돼 있어서 대부분 낮은 공시가격으로 신고하기 때문에 발생합니다.[앵커]그럼 빨리 정비를 해야 되지 않나 하는 의견은 많이 나오고 있습니다. 세 번째로 키워드로 넘어가보죠.[기자]세 번째 키워드는 < 윤지오의 '의무기록증명서' > 로 잡았습니다.[앵커]오늘 6명을 더 조사해 달라고 신청을 한 것으로 알고 있는데.[기자]그런데 어제 저녁 소셜미디어에 본인의 개인 정보 하나를 공개했는데요.바로 의무기록증명서입니다.그 내용을 잠깐 보면 이제 본인이 공개한 것이기 때문에요, 임상적으로 의사의 진단을 받았는데 임상적으로 우울감이나 불안감 또 극단적인 선택을 할 가능성 등은 없고 낙관적 시각을 지니고 이상적 가치를 추구하고 있다. 이렇게 돼 있습니다.여기서 강조되는 것은 그러니까 본인이 우울증에 빠져 있지 않다라는 것을 본인의 소셜미디어를 통해서 공개했습니다.그래서 제가 직접 그 공개한 이유를 들어봤는데요. 들어보겠습니다.[윤지오/고 장자연 씨 동료 배우 : (과거 일부 사례의 경우) 자살인지 타살인지 여부도 모르겠고 혹여나 자살로 위장이 될 수 있는 가능성까지 생각해봤을 때…슬프지만 나름대로…][앵커]실제로 본인이 그런 공포를 느낀다는 것이군요. 자기의 의사에 반해서 무슨 일이 일어날지 모른다 이런 것?[기자]그렇습니다. 그래서 나는 혹시나 극단적인 선택으로 위장됐을 가능성에 대비해서 변호사와 상의를 해서 나는 그럴 가능성이 없다라고 공개적으로 선언을 한 것입니다.제가 통화를 하는 동안 계속 본인의 신변안전에 대한 위협을 늘 느끼고 있다라고 얘기했는데요.최근 거처를 옮겼는데 복도에 CCTV가 설치된 곳으로 옮겼다고 하고요.윤 씨가 따로 부탁한 얘기가 있는데 본인은 위험을 무릅 쓰고 나서서 힘겹게 싸우고 있는데 같이 나서는 사람도 별로 없고 제도적 문제 때문에 정부의 지원도 약하다면서 만일 본인이 무너지면 앞으로 이런 상황에 누가 나서겠느냐. 관심과 지원이 필요하다고 강조했습니다.[앵커]중요한 얘기네요. 알겠습니다. 여기까지 하겠습니다.박성태(park.sungtae@jtbc.co.kr)Copyright by JTBC(http://jtbc.joins.com) and JTBC Content Hub Co., Ltd. All Rights Reserved. 무단 전재 및 재배포 금지",[비하인드 뉴스] 박지원이 해석한 '6년 전 황교안'
6,"""2013년 3월 13일 黃 만나"" 일정표 공개…6년 전 법사위서 ""黃, 김학의 사건 다 알아""박지원 ""黃, 박영선 얘기 듣고 눈 깜빡거리고 고개 미세하게 끄덕거려""(서울=연합뉴스) 김남권 한지훈 기자 = 박영선 중소벤처기업부 장관 후보자는 28일 자유한국당 황교안 대표가 김학의 전 법무부 차관의 별장 성 접대 의혹 사건을 인지하고도 묵인했다는 취지의 주장을 거듭 펼쳤다.박 후보자는 이날 페이스북에서 황 대표를 향해 ""이제 진실을 말해 주십시오""라고 촉구하며 ""물론 (김 전 차관의 동영상) CD를 같이 보지는 않았지요. 저는 당황하셔서 얼굴은 물론 귀까지 빨개지시면서 자리를 뜨시던 그날 오후의 대표님 모습이 너무나 생생합니다""라고 밝혔다.박 후보자가 국회 법제사법위원장으로 있었던 2013년 3월 당시 법무부 장관이던 황 대표를 국회에서 만난 자리에서 동영상 존재를 언급하며 김 전 차관의 문제를 제대로 처리하라는 취지의 말을 했다는 얘기다.박 후보자는 황 대표를 만난 시점을 ""(2013년) 3월 13일 오후 4시 40분""이라며 당시 일정표를 페이스북에 공개했다. 황 대표가 법무부 장관으로 취임(2013년 3월 11일)하고 이틀이 지난 날이었다.박 후보자와 황 대표의 만남 자리에는 당시 김주현 법무부 기획조정실장이 동석했다.황 대표는 박 후보자를 만나기 전인 오후 3시 50분에 박병석 국회부의장을 예방한 것으로 알려졌다.황 대표는 박 후보자와 면담 이후엔 민주평화당 박지원 의원도 만났다.박지원 의원은 이날 기자간담회를 열고 자신도 2013년 3월 13일에 국회를 찾은 황 대표를 만났다고 설명했다.박 의원은 당시 일정 수첩을 공개하며 ""3월 13일 오후 5시 15분 황교안 법무장관, 김주현 기조실장 면담""이라고 말했다.박 후보자는 또 2013년 6월 17일 법사위에서 황 대표에게 질문하던 영상을 페이스북에 올리며 황 대표에게 진실을 밝힐 것을 촉구했다.박 후보자는 전날 인사청문회에서도 ""(2013년 6월 17일 법사위에서) 황교안 법무장관께 제가 (김 전 차관의) 동영상을 봤는데 몹시 심각하기 때문에 이 분이 차관으로 임명되면 문제가 커질 것으로 보인다(고 말했다)""고 밝혔다.당시 법사위에서 활동한 박지원 의원도 이날 tbs 라디오 '김어준의 뉴스공장'에 출연해 황 대표가 사건을 묵인했다는 주장을 뒷받침하는 국회 속기록이 남아 있다고 말했다.박 후보자와 함께 '박남매'로 불리기도 한 박 의원은 ""2013년 6월 17일 국회 법제사법위원회 회의가 열렸는데, (당시 박영선 법사위원장이) '황교안 장관은 김학의 전 차관과 관련한 여러 사항을 다 알 것'이라고 했다""고 전했다.그러면서 ""(박영선 위원장이) '(황 장관이) 알고 있다는 사실을 (제가) 알고 있어서 최근까지 질문을 드리지 않은 것'이라고 하면서 김용판 전 경찰청장의 수사를 촉구했다""며 ""거기에 보면 황 장관이 미묘하게 눈을 깜빡거리고 고개를 미세하게 끄덕거리는 모습이 보인다""고 말했다.실제 국회 속기록에 따르면 2013년 6월 17일 당시 박영선 법사위원장은 법사위 전체회의에서 황교안 법무부 장관에게 ""아마 장관님은 김학의 차관과 관련한 여러 가지 사실을 다 알고 계실 것이다. 저희가 그 알고 있다는 사실을 알고 있기 때문에 지금까지 질문드리지 않은 것""이라고 말했다.이어 ""김용판 전 경찰청장 통화 내역을 수사하라. 누구누구와 통화했는지 거기에 바로 우리 국민이 궁금해하는 몸통이 숨어 있다""고 밝혔다.당시 황 장관은 이에 대해 ""말씀하신 부분 중에 저희가 할 수 있는 부분들은 최대한 조치를 해서 다시 말씀드리도록 하겠다""고 답변했다.박 의원은 아울러 박 후보자가 황 장관에게 언급했다고 한 CD에 대해 ""제가 2013년 3월 초에 경찰 고위 간부로부터 CD 동영상, 녹음테이프, 사진을 입수했다""며 ""검찰이 (수사를) 잘 안 해준다, 그러니까 적당한 때 법사위에서 얘기했으면 좋겠다(고 하면서 자료를 줬다)""고 설명했다.박 의원은 ""(박영선 후보자가 당시) 저한테 전화로 낄낄거리면서 '황교안 장관한테 얘기했더니 얼굴이 빨개지더라' 그런 얘기를 하더라""고 전하기도 했다.박 의원은 또 2014년 7월 10일 열린 법사위 전체회의에서 김 전 차관의 무혐의 처분을 국민이 비판한다며 문제를 제기했다면서 황 대표가 ""지금 그 사건에 관해서는 고발이 접수돼서 중견 검사로 하여금 주임검사를 맡도록 해서 철저한 수사를 준비하고 있는 것으로 보고를 듣고 있다""고 답했다고 설명했다.그는 '김 전 차관이라는 것을 알 수 있을 정도의 화질을 가진 영상이었냐'는 물음에는 ""제가 볼 때는 사진이 더 선명하더라""고 답했다.hanjh@yna.co.kr","박영선 ""6년 전 황교안, 김학의 얘기에 당황…귀까지 빨개져""(종합2보)"
7,"【서울=뉴시스】임종명 기자 = 박영선 중소벤처기업부 장관 후보자가 2013년 당시 법무부 장관이었던 황교안 자유한국당 대표에게 김학의 전 법무부 차관의 별장 성접대 의혹을 미리 알린 자리에 김주현 기조실장이 동석했다는 주장이 28일 제기됐다.박 후보자는 전날 인사청문회에서 자신이 국회 법제사법위원회 위원장이던 2013년 3월13일 신임 법무부 장관이었던 황 대표를 만나 김 전 차관 의혹을 전하며 임명을 만류한 적이 있다고 밝혔다.황 대표를 비롯한 한국당 측은 이러한 박 후보자의 주장을 부인했다. 그러나 같은 날 황 대표를 만났다는 현역 의원들의 일정이 속속 알려지면서 박 후보자와 황 대표 사이의 진실공방이 새로운 국면을 맞고 있다.우선 박 후보자는 이날 자신의 사회관계망서비스(SNS) 페이스북에 과거 일정표 사진과 함께 황 대표를 만난 시점이 2013년 3월13일 오후 4시40분이라고 공개했다. 황 대표가 당시 법무부 장관으로 취임한 날은 3월11일, 취임 이틀이 지난 때였다.황 대표는 박 후보자를 만나기 전인 오후 3시50분에는 더불어민주당 소속인 박병석 당시 국회 부의장을 만난 것으로 전해졌다.또 박 후보자를 만난 뒤인 오후 5시15분에는 법사위원이었던 박지원 민주평화당 의원을 만났다. 박 의원은 이날 국회 의원회관에서 진행된 간담회에서 6년 전 수첩을 꺼내보이며 이러한 사실을 밝혔다.박 의원이 공개한 2013년도 수첩 3월13일에는 '5:15 황교안 법무부 장관, 김주현 기조실장'이라고 적혀있었다. 박 후보자가 황 대표를 만난 날, 박 의원도 황 대표를 만났을 뿐 아니라 김주현 당시 법무부 기조실장이 동석했음이 드러난 것이다.정치권에서는 이를 근거로 박 후보자를 만났을 때도 김 실장이 함께 했을 것이라고 추정한다. 통상 신임 장관이 국회 예방 일정을 소화할 때 기조실장 등 부처 주요 인사가 동행한다는 이유에서다.무엇보다 황 대표가 박 후보자의 주장을 재차 부인하고, 한국당 측은 박 후보자에 대한 고발 조치를 검토하겠다고 밝힐 정도로 거센 공방이 오가는 상황에서 김주현 기조실장의 동석 여부는 그날의 진실을 밝히는 중요한 요소가 된다.이때까지 박 후보자와 황 대표 간 진실공방에서는 두 사람이 만났을 때 어떤 대화가 오갔고 어떤 상황이었는지 입증해줄 수 있는 제3자가 없었기 때문이다. 김주현 기조실장이 동석했다면 박 후보자의 주장이 맞는지 확인할 가능성이 높아지는 셈이다.이에 당분간 세간의 관심은 당시 황 대표와 동행한 것으로 알려진 김주현 기조실장에게 집중될 것으로 예상된다.jmstal01@newsis.com",박영선-황교안 만난 날 김주현 법무부 기조실장 동석 가능성
8,"[뉴스데스크]◀ 앵커 ▶서울 동작구 흑석동의 재개발 예정집니다.청와대 김의겸 대변인이 사들인 건물이 여기에 있습니다.서울시가 2017년 11월 이 지역의 재개발 사업 시행을 인가했는데 김 대변인은 이 건물을 작년 7월, 25억 7천만 원을 주고 매입했습니다.주택과 상가가 함께 있는 2층짜리인데, 1980년에 지어진 낡은 건물입니다.건물을 구입하기 두 달 전 재개발 시공사도 선정됐고 이 자리엔 새 아파트가 들어설 예정입니다.오늘 공직자들의 재산 변동 내역이 공개되면서 김의겸 대변인이 이 건물을 사들인 걸 두고 부동산 투기 의혹이 일고 있습니다.임명현 기자가 보도합니다.◀ 리포트 ▶논란이 된 건물에 가봤습니다.1층엔 냉면집과 치킨집, 2층엔 호프집이 있는데 치킨집과 호프집은 폐업 상태입니다.전 건물주인 냉면집 주인을 만났습니다.작년 초, 원소유주인 부친이 사망하면서 자신을 포함한 3형제가 상속을 받았는데, 집안 사정 때문에 급매했다고 합니다.인터뷰는 사양한 이 주인은 ""곧 재개발되는데 시세가 오르지 않겠냐"", ""겨우 마음을 다잡고 있는데 속을 시끄럽게 하지 말라""며 복잡한 심경을 내비쳤습니다.인근 중개업자는 입주까지 4-5년가량 걸릴 거라며, 투자 가치가 충분하다고 평가했습니다.김 대변인은 이 건물 대지를 3.3제곱미터당 약 3천5백만 원에 매입했습니다.[중개업자]""반포가 예를 들어서 평당 1억까지 가면 옛날엔 흑석동이 60%까지 매매가가 형성이 됐었어요. 앞으로도 투자가치는 충분히 있다…""김 대변인은 건물값 25억 원을 조달하기 위해 은행대출 10억 원 등 11억 원을 빌렸습니다.여기에, 청와대 관사에 입주한 덕분에 보유하고 있던 이전 집 전세보증금 4.8억 원을 투입하고, 교사였던 부인의 퇴직연금 중에서 2억여 원을 중도 인출하기도 했습니다.재개발 건물 매입을 위해 '올인'한 셈입니다.30년간 무주택자로 살아왔다는 김 대변인은 ""중개업자인 가까운 친척의 추천을 받아 퇴직 후 노후 대비 목적으로 구입했으며, 시세 차익을 노리지 않았다""고 밝혔습니다.""재개발이 완료되면 아파트와 상가를 받을 수 있다는 점, 노모를 모시기 위해 넓은 아파트가 필요했다는 점, 청와대 퇴직 후 별다른 수입이 없다는 점"" 등도 설명했습니다.그러나 건물 매입과 등기가 이뤄진 작년 7-8월은 이른바 '9·13 대책' 발표를 앞두고 서울 부동산시장 과열을 막기 위해 정부가 총력전을 펴던 시기였습니다.김 대변인도 이 무렵 정례브리핑에서 정부 대책을 묻는 질문을 자주 받았습니다.MBC뉴스 임명현입니다.임명현 기자 (epismelo@imbc.com)[저작권자(c) MBC (http://imnews.imbc.com) 무단복제-재배포 금지]Copyright(c) Since 1996,&All rights reserved.",26억 재개발 '올인'…김의겸 대변인이 샀다는 건물 가 봤더니…
9,"[곽재훈 기자]문재인 정부 2기 장관 후보자 인사청문회와 관련, 자유한국당은 7개 부처 대상자 전체를 '부적격'으로 규정하고 강력 반대에 나서고 있다. 특히 최정호 국토교통부 장관 후보자와 진영 행정안전부 장관 후보자에 대해서는 부동산 투기 의혹이 주요 반대 사유가 되고 있다.국무위원 후보자들의 부동산 논란과 관련한 한국당의 비판은 크게 두 지점을 향하고 있다. 첫째, 문재인 정부 부동산 정책과 맞지 않는다는 것이다. 정부가 '다주택자와의 전쟁'을 선포하고 주택시장 안정을 최우선 목표로 하고 있는데, 이런 국정 철학에 부합하기는커녕 국무위원 후보자 자신이 다주택자여서는 곤란하다는 지적은 경청할 만하다.이만희 한국당 원내대변인은 28일 ""정부 주택정책의 핵심 요직을 거쳐 오면서 정작 자신은 그 정책을 거스르는 투자 외길을 걸어온 인물을 부동산 정책을 총괄하는 국토부 장관에 임명하려 했다""고 문재인 대통령을 비판하고 ""겉 다르고 속 다른 부동산 정책""이라고 꼬집었다. 김현아 원내대변인도 지난 26일 ""부동산 투기와 '꼼수 절세'에 성공한 국토부 장관 후보자가 '다주택자 규제 정책에 공감한다'고 하니 국민은 화병에 걸릴 지경""이라고 예리하게 지적했다.특히 최 후보자에 대해서는 한국당뿐 아니라 민주사회를위한변호사모임(민변), 경제정의실천시민연합(경실련) 등 진보적 시민단체들도 비판 목소리를 내고 있다. 정치권, 특히 야당이 최우선 낙마 대상자로 박영선 중기벤처부 장관 후보자와 김연철 통일부 장관 후보자를 지목하고 있는 것과 시민사회의 반응은 다소 온도차가 있다.둘째, 한국당의 비판 논거 중 일부는 정부 국정철학과의 이율배반이 아니라 시세차익이나 주택 다보유 자체를 문제삼는 듯 보인다.예컨대 이만희 원내대변인은 ""행정안전부 장관에 지역구 의원으로서 딱지 투자를 통해 30억 원의 시세차익을 올린 진영 후보자를 지명했다""고 비판했고, 민경욱 대변인도 지난 19일 ""아파트 '갭 투자'로 10억여 원의 시세차익을 얻은 다주택 보유 투기꾼을 국토부 장관에 앉혀 대한민국 집값을 잡겠다는 어불성설을 남발하고 있다""고 했다.한국당 원내지도부가 이날 7개 청문회 소관 상임위 간사를 소집해 연 회의에서도, 박덕흠 한국당 국토위 간사는 ""국민 눈높이와는 다르게 부동산 폭등 투기지역에 '똘똘한 3채'를 보유하며 시세차익이 23억 달하는 최 후보자는 장관 직무를 수행하기 어려울 것""이라고 주장했다.이채익 행안위 간사 역시 ""용산참사 인근 자신의 지역구에 재개발 딱지를 (매입해) 내부 정보를 입수해서 시세차익을 2년 만에 20억 원 넘게 남겼다. 이뿐 아니라 강남 고급 아파트 입주 1년 만에 17억 원의 시세차익을 얻었다""고 진 후보자를 ""자격 없는 후보""라고 규정했다.이같은 간사들의 의견을 종합해 나경원 원내대표는 ""7명의 후보자 모두 부적격하다는 결론을 냈다""고 밝혔고, 황교안 대표도 ""7명 모두 부적격자로 지명을 철회하는 것이 마땅하다""고 촉구하기도 했다.하지만 '문재인 정부 국정철학과의 이율배반'이라는 지적은 일리가 있는 반면, 부동산 시세차익이 기대된다거나 주택을 2채 이상 보유한 사실 자체를 문제삼을 경우 정작 비판자인 야당 역시 자유로울 수 없는 부분이 있다.황교안 대표는 지난 2017년 3월 공직자 재산공개 당시 서울 잠원동 아파트(9억여 원)과 경기 용인 수지구 아파트(4억)을 보유하고 있다고 신고했다. 이 가운데 수지구 아파트에 대해서는 박근혜 정부 총리·장관 인사청문회 시절부터 투기 의혹이 있었다. 황 대표는 2013년 법무장관 인사청문회를 앞두고 ""(수지 아파트는) 실거주 목적으로 구입한 것이고 사정상 현재까지 입주하지 못했을 뿐 앞으로 이사할 계획을 가지고 있다""고 했다. 하지만 6년이 지난 올해까지 잠원동에 살고 있다.나 원내대표도 옛 지역구였던 중구 신당동에 연립주택을, 용산구 서빙고동에 20억 원대 아파트를 보유하고 있는 등 40억이 넘는 부동산 자산을 신고했다.국토부 장관 후보자 인사청문회에서 최 후보자의 투기 의혹을 지적한 한국당 국토위원들 가운데 민경욱 의원도 부인과 공동 명의로 서초구에 아파트를 2채 갖고 있다.박덕흠 간사는 본인 및 가족 명의로 삼성동 아이파크와 잠실 아시아선수촌아파트 등 건물 자산만 72억여 원이다. 박 의원은 그 외에도 서울 잠실과 강원 홍천, 제주 등지에 200억이 넘는 토지 자산을 보유하고 있어 재산 총액이 20대 국회의원 전체 중 3위(약 523억 원)에 오르기도 했다.행안위원인 유민봉 의원(비례대표)도 본인이 서울 옥수동 아파트를, 부인이 아현동 연립주택을 보유하고 있다. 국회의원의 경우 지역구와 국회 소재지인 서울을 오가며 생활하는 등의 사정을 감안하더라도, 20대 국회의원들 중 다주택자 비율은 39.1%(298명 중 113명)으로 꽤 높은 편이다. 정당별로 보면 한국당이 56명, 더불어민주당이 38명, 바른미래당 12명, 평화당 5명 등이었다.한국당은 문재인 정부가 다주택 보유 자체를 죄악시하고 있다며 현 정부 부동산 정책을 비판하고 있기는 하지만, 큰 틀에서 부동산이 소수의 부자에게 집중되는 현상을 바람직하지 않다고 보고 있다는 면에서는 공통점이 있다.정용기 한국당 정책위의장은 지난 2월 ""집을 가진 사람을 '탐욕적'이라고 하고 다주택자를 죄인 취급해서는 부동산 시장의 문제를 풀 수 없다""고 정부를 비판하면서도 ""다주택자가 주택을 거래할 수 있는 퇴로를 열어주면서 보유세를 올려야 하지 않겠나. 보유세를 올리면 거래세를 낮춰서 퇴로를 열어줘야 하는데, 그런 조치도 취하지 않고 있다""고 말했다.함진규 당시 정책위의장도 지난해 ""보유세 부담이 부쩍 늘어난 다주택 소유자들이 매물을 내놓을 수 있도록 주택 거래의 숨통을 틔워줘는 조치가 뒤따라야 부동산 거래절벽도 막을 수 있을 것""이라고 제안하며 ""보유세를 올리면서 거래세를 낮춰줄 필요가 있다""고 했던 바 있다.한국당의 이런 정책적 입장 등을 고려한다면, 논란이 된 장관 후보자들에 대해 '이율배반', '내로남불'이라는 지적은 할 수 있다 해도 '고액', '다주택'을 강조해 이에 부정적인 여론을 부추기려는 것은 자칫 역풍을 초래할 소지도 있어 보인다.곽재훈 기자 (nowhere@pressian.com)Copyrightsⓒ PRESSian.com 무단전재 및 재배포금지",文정부 다주택자 비판한 한국당 의원들 재산 살펴보니…
10,"[뉴스데스크]◀ 앵커 ▶9년 전 한 대형마트에서 5천원이라는 파격적인 가격으로 인기를 끌었던 '통큰치킨' 기억하시죠.대기업의 골목상권 침해라는 비판 속에 판매가 일주일만에 중단이 됐었는데, 오늘부터 다시 판매에 들어갔습니다.통큰치킨이 돌아온 이유가 뭔지, 이제는 별 갈등이 없는 건지, 황의준 기자가 취재했습니다.◀ 리포트 ▶롯데마트의 식품코너.둥근 통에 담긴 치킨이 새로 진열됐습니다.9년 전 판매가 중단됐던 '통큰치킨'입니다.보통 프라이드 치킨보다 더 많은 양에 5천원의 가격, 모두 예전 그대로입니다.나오기가 무섭게 고객들이 카트로 옮겨담습니다.[심재경]""시켜먹는건 비싸니까, 비싸잖아. 이렇게 하면 1만5천원, 2만원 줘야 돼.""[허진우]""오랜만에 보니까 싸게 판 걸로 예전에도 유명했으니까 그거 생각도 나고…""지난 2010년 고객들이 아침부터 줄까지 서며 하루 2만 마리 넘게 팔려 나간 통큰치킨.하지만 대기업이 서민 자영업자들의 대표적 업종까지 진출한다는 부정적 여론에 치킨업체들의 시위까지 더해지며 1주일만에 판매를 접어야했습니다.그런데도 다시 판매를 시작한 건 마트에 오는 손님이 워낙 빠르게 줄고 있어, 한 명이라도 더 오게 할 이른바 미끼상품이 필요했기 때문입니다.치킨점주 단체들도 이전과는 달리 우선 지켜보겠다는 분위기입니다.9년 전과는 달리 편의점치킨 등 값싼 치킨이 이미 등장해 팔리고 있고 배달로 파는 비중도 커졌기 때문입니다.하지만 마트 바로 주변에 있는 가게들은 불만을 터뜨립니다.[롯데마트 인근 치킨집 점주]""말이 안되죠. 저희 입장에선 경기도 어려운데…현재 (생닭) 시세가 시장 도매가격도 6천원 하는데. 닭값도 안되는 걸 갖고 한다고 하면…""마트측은 일단 일주일간의 특별 행사라는 입장입니다.하지만 통큰치킨이 처음 판매됐을 ��보다 여론의 반발이 한층 수그러든 만큼 상황에 따라 연중 판매로 확대될 가능성도 있습니다.MBC뉴스 황의준입니다.황의준 기자[저작권자(c) MBC (http://imnews.imbc.com) 무단복제-재배포 금지]Copyright(c) Since 1996,&All rights reserved.",9년 만에 부활한 5천 원 '통큰 치킨'…다시 불붙는 '치킨 게임' 
11,"[앵커]이번 박삼구 금호아시아나그룹 회장의 퇴진은 조양호 한진그룹 회장이 주주의 심판을 받은 지 하루 만에 이뤄졌습니다.조양호 회장과 관련한 여진이 이어지는 가운데, 박삼구 회장의 경우 그동안 축적된 오판이 치명타가 됐다는 분석이 나옵니다.오너 리스크가 기업에 미치는 영향은 절대적입니다.조태현 기자가 보도합니다.[기자]감사의견 한정으로 주식거래가 중지됐다가 닷새 만에 적정 의견을 받아 낸 아시아나항공!금호아시아나그룹의 위기는 창립 60주년을 맞은 지난 2006년부터 시작됐습니다.대우건설 인수로 6조 원이 훨씬 넘는 돈을 쏟아부은 데 이어, 2008년에는 대한통운까지 사들인 겁니다.하지만 곧바로 찾아온 글로벌 금융위기에 직격탄을 맞았고, 형제 사이 불화로 금호석유화학마저 떨어져 나갔습니다.이 기간 주력 계열사인 아시아나항공의 실적은 추락을 거듭했습니다.지난해에는 영업이익이 280억 원 수준으로 쪼그라들었고, 부채비율은 무려 650%까지 뛰었습니다.거듭된 오판이 미친 악영향으로, 결국, 경영에서 물러날 수밖에 없게 된 셈입니다.주주의 심판으로 대한항공 회장직을 박탈당한 조양호 한진그룹 회장을 둘러싼 논란도 여전합니다.퇴직금이 800억 원에 달할 것이라는 전망에 더해, 조 회장이 경영에 미치는 영향에는 변화가 없을 것이라는 분석까지 나오자, 한진그룹 관련 종목은 하루 만에 약세로 돌아섰습니다.[성태윤 / 연세대학교 경제학부 교수 : 경영진이 주주의 이해관계에 부합되도록 행동하는지가 중요합니다. 주주가 그런 관계를 파악하고 그렇게 행동하지 못한다면 경영진을 견제하는 장치가 필요합니다.]경영자의 의무 가운데 하나는 주주의 가치를 높여야 한다는 점입니다.오너 경영이라는 특수성 아래 기본을 잊은 것은 아닌지, 항공사뿐 아니라 다른 기업도 냉철히 상황을 되돌아봐야 한다는 목소리가 커지고 있습니다.YTN 조태현[choth@ytn.co.kr]입니다.[저작권자(c) YTN & YTN PLUS 무단전재 및 재배포 금지]",대한항공에 아시아나까지...'오너 리스크'에 휘청
12,"[앵커]출산율이 빠르게 떨어지면서 인구감소 시계가 돌아가는 속도도 빨라졌습니다. 통계청은 당장 올해부터 사망자 수가 출생자 수를 앞지를 것이라고 내다봤습니다. 예상보다 10년이나 앞서서 '인구의 자연 감소'가 시작되는 것입니다. 우리 사회의 모습이 어떻게 변해갈 지는 인구 피라미드를 보면 한눈에 드러납니다. 지금은 30대에서 50대가 두꺼운 '항아리 형'이죠. 그런데 아이들은 줄고 노인들은 늘면서 점점 역삼각형으로 바뀔 것으로 보입니다. 특히 50년 뒤에는 인구의 절반이 62세 이상입니다.이런 변화가 우리 경제나 살림살이에는 어떤 영향을 미칠지 성화선 기자가 짚어봤습니다.[기자]서울 강서구의 한 중학교입니다.올해 신입생을 1명도 받지 않았습니다.내년에 문을 닫기 때문입니다.재학생은 3학년 뿐인데 50명이 채 안 됩니다.[정성자/서울 가양동 : 우리 애들도 이 학교 졸업했는데 그때는 상당히 (학생들이) 많았어요. 4~5반까지 있고요. 지금은 애들을 찾아보기가 드물고요.]이렇게 내년에 서울에서 문을 닫는 공립학교만 3곳입니다.심각한 저출산에 지방의 폐교 바람이 서울까지 번진 것입니다.이런 상황은 통계청의 인구추계에도 반영됐습니다.해외에서 들어오는 사람을 포함해도 총인구는 2028년 정점을 찍은 뒤 2029년부터 줄어듭니다.2016년 예측보다 3년이나 당겨졌습니다.특히 15세부터 64세까지 생산연령인구의 줄어드는 속도가 빠릅니다.[김진/통계청 인구동향과장 : (베이비붐 세대 고령화로) 2020년대에는 연평균 33만명, 2030년대에는 연평균 52만명씩 생산연령인구가 급감할 전망입니다.]일을 할 수 있는 사람은 줄고 부양 받을 사람은 늘어난다는 얘기입니다.소비와 투자가 자연히 줄면서 내수경기는 살아나기 어려워집니다.이때문에 2026년 이후에는 잠재성장률이 0.4% 수준까지 추락할 수 있다는 분석도 나옵니다.살림살이가 어려워지면서 출산도 더 기피하게 돼 경제는 악순환에 빠질 수 있습니다.재정과 연금에도 충격이 예상됩니다.지난해 국민연금은 2057년이 되면 기금이 바닥날 것이라고 봤는데, 이번 인구추계에 따라 고갈 시기가 더 당겨질 수 있습니다.(영상디자인 : 이정회)성화선(ssun@jtbc.co.kr) [영상취재: 최무룡 / 영상편집: 박인서]Copyright by JTBC(http://jtbc.joins.com) and JTBC Content Hub Co., Ltd. All Rights Reserved. 무단 전재 및 재배포 금지","인구 자연감소, 예상보다 10년 앞서…'경제 동력' 녹스나 "
13,"김의겸 대변인의 해명을 다시 정리해 보면 지난 30년 동안 집 없이 살아왔는데 청와대 일 끝나고 나가면 다시 전세에 살기 싫어서 산 거다, 빚은 10억 냈지만 매달 수백만 원의 이자를 낼 수 있다, 이렇게 볼 수 있습니다. 틀린 말은 아닐지 몰라도 석연치 않은 구석이 있습니다.김범주 기자가 따져봤습니다.김의겸 대변인은 은행에서 10억 2천79만 원을 대출받았다고 밝혔습니다.전체 건물값 25억 7천만 원의 39.7%에 해당하는 돈입니다.서울은 건물값의 40%까지만 대출을 내주도록 LTV 규제가 내려져 있는데 거의 한도를 꽉 채워서 받은 셈입니다.소득에 비해서 빚을 너무 많이 지지 않도록 하는 DTI 규제도 있지만, 갚는 기간을 30년 이상으로 늘리면 이것도 피할 수 있습니다.사업자 등록을 했다면 더 많은 금액도 대출이 가능합니다.대출을 받던 작년 8월, 국민은행의 평균 담보대출 금리 3.42%를 적용하면 이자는 1년에 총 3,500만 원, 한 달에 290만 원 정도로 추정됩니다.건물에서 매달 월세로 3, 4백만 원을 받는 것으로 알려지고 있어 계산상으로는 이자도 갚을 수 있습니다.[금융업계 관계자 : 보통은 이런 경우에는 임대사업자를 등록해서 그러면 대출 이자 비용이 비용정산으로도 되거든요. 대출은 문제가 없어요.]하지만 서울 평균 집값이 6억 2천만 원인 상황에서 청와대 대변인이 재직 중에 그 4배가 넘는 집을 10억 빚을 내서 샀다는 점에 대해서는 곱지 않은 시선이 모이고 있습니다.한 진보 시민단체 관계자는 월급쟁이 공무원이 10억 빚내서 딱지를 산 게 투기 아니면 뭐냐며 해명을 듣고 더 놀랐다고 말했습니다.또 야당들도 일제히 남이 하면 투기고 내가 하면 투자냐면서 비판에 나섰습니다.(영상취재 : 강동철·김현상, 영상편집 : 정성훈)▶ 靑 대변인이 25억에 산 '재개발 부동산'…현장 가보니▶ 김의겸 부동산 논란에 靑도 곤혹…내부서도 ""이해 안 돼김범주 기자(news4u@sbs.co.kr)※ ⓒ SBS & SBS Digital News Lab. : 무단복제 및 재배포 금지",전세 싫어서 '10억' 대출받아 투자?…곱지 않은 시선들
14,"25일 오후 6시경 서울 영등포역 인근의 얌샘김밥 매장. 저녁 식사 시간이라 밀려드는 손님으로 분주했지만 김밥 담당 직원은 ‘김밥제조기계’를 활용해 차분하게 대응하고 있었다. 일명 ‘라이스 시트기’란 기계에 김을 펼쳐놓고 버튼을 누르자 일정한 양의 밥이 1~2초 만에 고르게 펴졌다. ‘채소 절단기’로 미리 손질해놓은 당근 등 각종 재료를 올리고 손으로 돌돌만 뒤 ‘김밥절단기’ 버튼을 누르자 김밥이 수직 상승하며 꼭대기 지점에 설치된 칼날에 의해 바로 10개로 잘렸다.최근 2년간 29.1%나 오른 최저임금 인상이 가져온 김밥집 풍경이다. 몇 년 전만해도 단체 주문이 많은 일부 매장에서나 사용했던 김밥 절단기 등의 기계가 주요 김밥 프랜차이즈 업계로 확산되고 있다.전국에 170여개 직영·가맹점을 운영 중인 얌샘김밥은 올해부터 본격적으로 각 매장에 김밥제조기계를 적용하고 있다. 현재 30여개 매장에 김밥제조기계가 도입된 상태다. 얌샘김밥은 올해 연말까지 추가로 60여개 매장에 김밥제조기계를 들여놓을 계획이다. 얌샘김밥 관계자는 “김밥제조기계 도입은 급격한 인건비 인상에 대응하기 위한 조치”라며 “무인 주문·결제기와 김밥제조기계를 모두 도입하면 2명가량의 인건비를 줄일 수 있다”고 설명했다얌샘김밥 분석에 따르면 무인 주문·결제기(키오스크)와 김밥제조기계 3종(라이스 시트기, 채소 절단기, 김밥 절단기) 도입 시 최대 1.5명에서 2명의 인건비를 절감할 수 있다. 15~18평 규모의 김밥·분식 매장에는 최소 3~5명의 직원이 필요한데 키오스크로 0.5명, 김밥제조기계 3종으로 최소 1명 이상의 인력을 기계로 대체할 수 있다는 분석이다.기계를 모두 도입하면 2000만 원 안팎이 든다. 올해 최저임금 8350원을 기준으로 하면 한 사람의 인건비가 월 250만 원으로 연 3000만 원 가량(하루 12시간, 주 6일 근무 기준) 된다. 서울 종로와 경기도에서 김밥제조기계를 도입해 두 곳의 김밥집을 운영 중인 한 점주는 “김밥이 하루 130줄 가량 나가는데 100줄만 나가도 칼질을 900번은 해야한다”면서 “김밥기계가 없을 땐 3명이서 1시간에 60줄 정도 쌌는데 기계를 도입한 후 1시간에 130줄까지 가능해졌다”고 말했다.‘김밥은 손으로 만들어야 맛있다’는 인식보다 ‘김밥 제조에 필요한 노동력을 줄여야 한다’는 절박함이 커지면서 다른 김밥 프랜차이즈 업체들도 김밥제조기계 도입을 준비 중이다. 전국에 매장이 425개인 김가네는 올해 라이스 시트기를 처음 선보이며 가맹점주들과 적용 여부를 협의하고 있다. 150여 개 매장을 운영 중인 바르다김선생도 라이스 시트기과 김밥절단기를 올해부터 본격 적용하기로 했다.농림축산식품부와 한국농수산식품유통공사(aT)에 따르면 지난해 4분기 기준 외식산업경기전망지수는 64.2로 최근 3년 중 최저치를 기록했다. 김밥 및 분식 전문점 수는 4만4466곳에 달한다. 인건비가 힘겨운 곳을 중심으로 기계화가 빠르게 진행될 공산이 커 보인다.서용구 숙명여대 경영학부 교수는 “김밥집의 김밥제조기계 도입은 속도조절에 실패한 최저임금 인상이 저소득 일자리부터 압박하는 대표적 사례 중 하나”라면서 “각종 비용을 줄여야하는 자영업자 입장에서는 어쩔 수 없는 선택이어서 향후 외식업, 편의점 등으로 기계화는 더 확산될 것”이라고 말했다.신희철기자 hcshin@donga.comⓒ 동아일보 & donga.com, 무단 전재 및 재배포 금지",“인건비 올라서…” 김밥말기도 자동화 바람
15,"50년새 15~64세 3천757만명→1천784만명…소비·투자 등 성장 악영향고령인구 부양비 18.8→102.2명…""경제 움직이는 연령대 감소""'인구오너스' 앞당겨질 우려…군 인력구조 변화 등 대비 필요(세종=연합뉴스) 이세원 이대희 기자 = 저출산과 고령화로 국가 생산활동의 '엔진'인 생산연령인구가 50년 뒤 현재의 절반 아래로 줄어들 것이라는 정부 전망이 나왔다.50년 뒤에는 노동자 1명이 고령인구 여럿을 부양해야 하는 시대가 도래한다.이러한 '인구절벽' 가속화는 고용과 생산, 소비, 투자 등 경제 전반에 악영향을 미쳐 경제 활력을 발목 잡을 수 있다는 우려가 커지고 있다.◇ 한국 생산활동 엔진출력, 50년 뒤 절반 아래로 '뚝'통계청은 28일 '장래인구 특별추계 : 2017∼2067년'을 발표했다. 통계청은 5년마다 장래인구추계를 발표하지만, 초저출산 상황을 반영해 2016년에 이어 3년 만에 특별추계를 했다.추계에 따르면 한국의 생산연령인구는 2017년 3천757만명에서 2030년 3천395만명으로 감소한 뒤, 2067년 1천784만명으로 떨어질 것으로 통계청은 내다봤다. 2067년에는 2017년의 47.5% 수준을 기록할 것이라는 전망이다.통계청은 이번 추계부터 15∼64세 인구를 의미하는 용어인 '생산가능인구'를 생산연령인구로 변경했다.통계청은 특히 베이비붐 세대(1955∼1963년생)가 고령인구로 진입하는 2020년대에는 생산연령인구가 연평균 33만명 감소하고, 2030년대에는 연평균 52만명 감소할 것으로 전망했다.이는 '인구절벽'이 2020년대부터 본격화한다는 의미다. 인구절벽이란 미국 경제학자 해리 덴트가 제시한 개념으로, 생산연령인구의 비율이 급속도로 줄어드는 현상을 의미한다.김진 통계청 인구동향과장은 ""2030년대 감소 폭이 더 큰 이유는 1970년대 생인 2차 베이비붐 세대가 생산연령인구에서 대거 빠져나가는 동시에 진입하는 출생아 수는 과거보다 더 적어지기 때문""이라고 분석했다.이러한 생산연령인구 감소 추세는 2016년 추계 때보다 더 악화한 것이다. 통계청은 당시 2065년 생산연령인구가 2천62만명(47.9%)을 기록할 것으로 예상했지만, 이번 추계에서는 1천850만3천명(45.9%)이라는 더 비관적인 수치를 내놨다.통계청은 생산연령인구 중 주요 경제활동인구인 25∼49세의 비중이 2017년 51.9%(1천950만명)에서 2067년 46.1%(823만명)까지 떨어질 것으로 봤다.반면 같은 기간 50∼64세의 비중은 30.8%(1천156만명)에서 39.4%(703만명)까지 증가할 것으로 전망했다.이러한 추계는 중간 수준의 출산율에 따라 전망한 중위 추계다. 낮은 출산율을 가정한 저위 추계에 따르면 2067년 생산연령인구는 1천484만명으로 2017년의 39.5%로 추락할 것으로 통계청은 예상했다.◇ 50년 뒤 노동자 1명이 고령인구 여러 명 부양해야생산연령인구가 더 빨리 줄어든다는 의미는 65세 이상 고령인구 증가세도 그만큼 빨라진다는 의미다.통계청은 고령인구가 2017년 707만명에서 2025년 처음으로 1천만명을 넘어서고, 2050년에는 1천901만명까지 증가할 것으로 예상했다.고령인구 구성비는 2017년 13.8%에서 2025년 20%, 2036년 30%, 2051년 40%를 각각 넘어설 것으로 내다봤다.85세 이상 초고령 인구는 2017년 60만명에서 2024년 100만명을 넘고, 2067년에는 512만명을 기록할 것으로 통계청은 예상했다. 2017년에서 2067년까지 8.6배 증가한다는 의미다.반면 어린 세대 인구는 감소한다.유소년인구(0∼14세)는 2017년 672만명(13.1%)에서 2030년 500만명(9.6%), 2067년 318만명(8.1%)까지 계속 감소한다.학령인구(6∼21세)도 2017년 846만명에서 2067년 363만명으로 줄어들 것으로 통계청은 예상했다.특히 대학진학 대상인 18세 인구는 2017년 61만명에서 2030년 46만명으로 76% 감소할 전망이다.김진 과장은 ""대학 정원이나 학교 수, 교원 수와 같은 관련 정책에도 영향을 미칠 것""이라고 예상했다.생산연령인구가 감소하고 고령인구가 늘어나면 노동자 한 사람이 부양해야 하는 사람 수도 자연스레 더 늘어나게 된다.생산연령인구 100명당 부양할 인구(유소년·고령인구)인 '총부양비'는 2017년 36.7명에서 2038명 70명을 넘어서고 2056년에는 100명을 넘어설 전망이다. 2067년에는 120.2명까지 늘어날 것으로 통계청은 전망했다.특히 고령인구 부양비를 의미하는 '노년 부양비'는 2017년 18.8명에서 2036년 50명을 넘어서고, 2067년에는 102.4명을 기록할 전망이다.다시 말해 2067년에는 노동자 한 사람이 고령인구 한 사람 이상의 생계를 책임져야 한다는 의미가 된다.유소년인구 100명당 고령인구 수인 노령화지수는 2017년 105.1명에서 2026년 206명, 2056년 502.2명으로 증가할 전망이다. 2056년부터는 고령인구가 유소년인구보다 5배 이상 많아진다는 예측이다.총부양비 역시 2016년 추계보다 증가 속도가 더 가팔라졌다. 통계청은 2065년 기준으로 당시에는 108.7명으로 예상했지만, 이번에는 117.8명을 제시했다.◇ 인구 오너스 더 빨라져…구조적 저성장 우려통계청의 이러한 추계는 생산연령인구 비중이 하락하며 경제성장이 지체되는 '인구 오너스'(인구 보너스의 반대) 현상이 더 빨라진다는 의미로 해석된다.정부는 올해 경제정책방향에서 생산가능인구의 감소가 취업자 증가를 제약하는 요인으로 작용한다고 규정한 바 있다.구체적으로는 대기업이나 인기 직종 구직자는 계속 몰릴 수 있지만, 중소기업이나 몸을 쓰는 생산현장은 심각한 구인난을 겪을 가능성이 크다.'일할 곳이 없다'가 아니라 '일할 사람이 없다'는 '일자리 미스매칭'이 더 심화한다는 의미다.취업자가 고령화되면 생산력도 하락할 수밖에 없다.이에 따라 제조업체를 중심으로 해외 이전을 선택하는 '산업 공동화 현상'이 가속화해 경제 활력을 떨어뜨리는 요인으로 작용할 수 있다.생산연령인구의 감소는 소비에도 '먹구름'이다.생산력이 떨어지고 총부양비가 올라가면 가처분 소득이 하락해 소비 활력은 자연스레 떨어질 수밖에 없다.소비력이 떨어지면 기업 입장에서는 투자할 요인이 줄어든다.인구절벽이 고용과 생산, 소비, 투자 등 경제 요소를 골고루 발목 잡으며 구조적인 저성장 국면으로 접어들 우려가 고개를 든다.김진 과장은 ""경제를 움직이는 연령대 수가 감소해 경제성장에 영향을 미치게 된다""며 ""고령 인구 증가로 연금과 같은 재정 부담도 늘어나고 산업구조의 변화도 나타날 것""이라고 전망했다.◇ 국민연금 고갈시점 당겨지나…군 복무인원에 영향 줄 수도이날 발표된 인구추계를 따른다면 국민연금 적립기금의 소진 시기도 작년에 추산한 것보다 빨라질 가능성이 있다.국민연금재정 추계위원회가 작년 8월 발표한 '제4차 국민연금 재정계산 장기재정전망 결과'에 의하면 국민연금 시스템에 변화를 주지 않을 경우 적립기금은 2057년에 소진되는 것으로 추계됐다.당시 소진 시점 추정의 바탕이 된 자료는 통계청이 2016년에 발표한 인구추계였다.합계출산율이 ▲2015년 1.24명·2020년 1.24명·2030년 1.32명, 2040년 이후 1.38명인 경우 ▲2015년 1.24명·2020년 1.10명·2030년 1.07명·2040년 이후 1.12명인 경우 ▲2015년 1.24명·2016년 이후 1.05명인 경우 등 3가지를 전제로 산출한 결과 소진 시점이 모두 2057년이었다.하지만 28일 통계청이 내놓은 새로운 추계(중위)에서는 합계출산율이 2021년 0.86명까지 떨어지고 2025년이 되어야 1.0명으로 회복하며 2027년에 1.08명이 된다.2027년 이후에는 앞서 내놓은 3가지 가정보다 합계 출산이 높아지는 때도 있으나 2026년까지는 연금 추계 때 전제한 것보다 더 낮은 수준을 유지한다.인구 변동의 영향이 어떻게 나타날지는 다시 장기재정전망을 해야 정확히 파악할 수 있으나 인구 감소 속도가 빨라진 만큼 적립기금 고갈 시점이 당겨질 수도 있다는 우려가 나온다.이철희 서울대 경제학부 교수는 ""제도나 정책 가운데는 특정한 출생아 수를 염두에 두고 만들어진 것이 많다""며 ""인구 감소 속도가 빨라지면 제도적 불균형 문제가 생길 수 있다""고 우려했다.이와 관련해 정부 관계자는 생산인구 감소, 고령 사회 친화적인 산업 개발, 군(軍) 인원 효율화, 지방 행정의 인구 감소에 따른 위기 지역 관리 등이 정책적 과제로 부상할 수 있다고 설명했다.2vs2@yna.co.kr",[인구절벽] 50년뒤 생산인구 반토막…연금고갈시점 당겨질수도(종합)
16,"[ 전설리 기자/김진수 기자/김낙훈 전문기자  ]얼마 전 한 중견기업 사장에게 40대 생산직 직원이 찾아왔다. 직원은 눈물을 글썽이며 말했다. “월급이 30만원 줄면 아이 학원을 끊어야 합니다. 일 좀 더하게 해주세요.” 사장은 어떤 말도 할 수 없었다. “법 때문에 어쩔 수가 없다”며 돌려보낼 수밖에 없었다.300인 이상 기업을 대상으로 주 52시간 근로제를 시행한 지 9개월이 지났다. 제도 위반에 대한 처벌 유예(계도) 기간도 이달 말로 끝난다. 하지만 산업현장은 여전히 혼란스럽고, 삶이 나아졌다는 직장인과 경영자는 드물다. 직장인들은 월급이 줄고, 경영자들은 범법자가 되지 않기 위해 생산량을 줄이고 있다. 청와대 청원게시판에는 끊임없이 “일하게 해달라”는 청원이 올라온다. ‘지킬 수도 없고, 지켜지지도 않고, 지켜도 행복하지 않은 법’이라는 하소연이다.지난 1년간 게시판에 올라온 주 52시간 근로 관련 청원은 2300건이 넘는다. 중소기업에 근무하는 30대 근로자는 “돈이 있어야 여유 있는 삶이 아니냐. 누구를 위한 정책인지 모르겠다”고 했다. 초등학교 1학년 자녀를 둔 한 주부는 “돈을 벌어 자식을 잘 키우고 싶은데 그걸 막는 나라가 원망스럽다”며 “일할 권리를 보장해달라”고 썼다. 생산직 근로자만 타격을 받은 게 아니다. 법무부 소속 보호관찰소에서 일하는 근로자는 “‘조두순’(전자발찌를 착용한 특정 범죄자)이 밤거리를 배회해도 출동할 수가 없다”며 제도를 개선해달라고 청원했다.기업인들도 힘겨워한다. 생산을 줄이고 해외로 나갈 궁리를 하는 기업인이 많다. 내년 1월부터 주 52시간 근로제를 적용받는 근로자 50인 이상~300인 미만 중소기업의 상황은 더 심각하다. 한 중소 가구업체 대표는 “차라리 회사를 팔아 자식들에게 주고 때려치우고 싶다”고 말했다.1년 전 주 52시간 근로제에 대한 논란이 시작됐다. 당시 화제가 된 근로자 글의 제목은 “저녁이 있는 삶보다 저녁거리를 살 돈이 중요하다. 일을 더하게 해달라”였다. 이런 호소에도 작년 7월부터 제도는 시행됐다. 대기업과 중견기업 근로자 중 일부는 일과 삶의 균형을 찾은 것도 사실이다. 하지만 이후에도 청와대 청원게시판에는 “일할 자유를 달라”는 하소연이 이어졌다. 제도의 희생자들은 야근을 해야 생활할 수 있는 저임금 근로자였다. 경영자들도 행복할 수 없었다. 범법자가 되지 않기 위해 기업 생존의 조건인 ‘성장’을 포기하는 사례도 발생했다. 누구를 위한 52시간제인가라는 질문이 나오는 이유다.중견기업인 동관제조업체 A사 대표는 지난 9개월이 악몽 같았다. 지난해 7월 주 52시간 근로제 시행에 앞서 직원 116명을 신규로 채용했다. 기존 인력으로는 납기일을 맞출 수 없었기 때문이다. 이런 노력은 모두 허사였다. 이 기간 직원 113명이 그만뒀기 때문이다. 근로시간 단축으로 급여와 퇴직금이 25%가량 줄어들자 직원들이 야근을 할 수 있는 기업으로 빠져나갔다. 동파이프를 생산해 70%를 수출하는 A사는 결국 이번주 인력에 맞춰 생산량을 대폭 줄이기로 결정했다. 주 52시간 근로제 위반에 대한 계도 기간 종료를 앞두고 내린 결단이다. 이 회사 임원은 “가뜩이나 중국과 베트남 경쟁사의 저가 공세로 어려운데 근로시간 단축으로 수출 경쟁력이 더 떨어졌다”며 “이러다가 회사가 문을 닫게 될까 걱정”이라고 털어놨다.A사뿐만이 아니다. 많은 기업이 근로시간 단축에 따른 인력난과 인건비 상승, 수익성 악화, 경쟁력 하락에 시달리고 있다. 중견 해외플랜트 건설사인 B사는 주 52시간 근로제 탓에 공사를 제때 못마쳐 손해배상금을 줘야 할 위기에 처했다. 이 회사는 근로시간 단축으로 사우디아라비아 건설 현장에 한국 근로자 100여 명을 추가로 투입해야 했다. 주 52시간 근로제가 해외에서 일하는 한국인 근로자에게도 적용되기 때문이다. B사 임원은 “공사원가가 20~30% 올라 공사를 더 이상 진행할 수 없게 됐다. 발주처에 공사 이행보증책임 등 손해배상금을 물어줄 위기에 놓이게 됐다”고 말했다.중견 자동화설비 제조업체인 C사의 한 임원은 야근을 서다가 늦게까지 불이 켜진 사무실을 발견하고 찾아갔다. 20대 연구직원이 일을 하고 있었다. 임원은 “빨리 퇴근하라”고 다그쳤다. 직원은 “이것만 하고 가면 안되나요. 실력을 키우고 싶습니다”라며 울먹였다. 임원은 “성과에 따라 연봉이 정해지는 연구개발 직원들이 주 52시간제 탓에 성장할 기회를 빼앗겼다. 직원 개인의 경쟁력은 물론 회사의 경쟁력을 떨어뜨리는 제도”라고 지적했다.갑자기 수입이 줄어든 근로자들은 막막하기만 하다. 고충을 털어놓을 곳이 없어 향하는 곳은 청와대 청원게시판이다. 청원 내용의 대부분은 줄어든 급여와 늘어가는 빚, 더 쪼들린 삶에 대한 하소연이다. ‘삶의 질 향상’이란 제도 시행 취지와 정반대되는 결과다.한 생산직 근로자는 “주 52시간 근로제 적용 탓에 평균 300만원 이상이었던 월수입이 200만원대로 줄어 매달 적자다. 적자를 메우기 위해 아르바이트를 구하고 있는데 쉽지 않아 날마다 돈 걱정”이라며 “서민적이지 못한 정책”이라고 지적했다. 또 다른 생산직 근로자도 “줄어든 월급을 충당하느라 더 힘들게 일하고 있다”며 “도대체 누구를 위한 제도인가”라고 반문했다.한 중견기업 직원은 “일의 양과 직원 수는 그대로인데 근무시간만 단축해 일이 산더미같이 쌓여가고 있다. 6000명의 직원이 250시간씩 하던 일을 직원을 뽑지 않은 채 갑자기 160시간에 처리하는 것은 불가능하다”며 “회사의 불합리한 지시를 막아달라”고 호소했다.전설리/김진수/김낙훈 기자 sljun@hankyung.com[] []ⓒ 한국경제 &, 무단전재 및 재배포 금지","""52시간 지키려 116명 더 뽑았더니, 일 더하겠다며 113명 떠났다"""
17,"[앵커]한편 대한항공 조양호 회장은 좀 다른 생각인가 봅니다.대표이사직을 잃었지만, ""경영권은 계속 행사하겠다""는 건데요.도의적 문제 뿐 아니라 법적으로도 문제가 있다는 지적이 나옵니다.서재희 기자입니다.[리포트]""경영권 박탈은 아니다.""이렇게 밝히며 기업 총수를 물러나게 한  주주들의 결의에 찬물을 끼얹은  대한항공 조양호 회장.오늘(28일)도 이 입장을 고수했습니다.대한항공 측은  조 회장이 경영에서 물러나지 않는다는 입장은 그대로라고 밝혔습니다.또 어떻게 경영권을 행사할지 구체적 절차는 논의가 필요하다고 했습니다.조 회장의 이런 '으름장'은  당장 기업 가치에는 악영향을 주고 있습니다.어제(27일) 조 회장이  대표이사직을 잃었다는 발표 직후 대한항공 주가는 5% 넘게 올랐지만, ""경영권 박탈은 아니라""는 대한항공 입장이 나오자 상승 폭이 크게 줄었습니다.오늘(28일)은 ""지배구조가 바뀌지 않고 총수 영향력이 여전할 것""이라는 분석에 5% 넘게 급락했습니다.[안상희/대신지배구조연구소 본부장 : ""총수 일가의 사익 편취 내지는 일감몰아주기를 좀 그나마 견제할 수 있는 게 '내부 거래 자치위원회'거든요. (대한항공은) 그런 것조차도 지금 없어서.""]참여연대는 조 회장이 미등기 임원으로 이사회 결의를 거쳐 경영권을 행사한다면  배임 혐의로 고발한다는 입장입니다.[김경률/참여연대 경제금융센터 소장 : ""이미 기업가치 훼손이란 이유로 주총장에서 연임에 실패한 조양호 회장을 미등기 임원으로 경영권을 부여하겠다는 자체를 배임행위라고 보고요.""]국내 10대 그룹 총수일가의 등기 임원 등재율은 불과 12%.그동안 법적 책임을 회피하는 수단이 되어온 재벌들의  미등기 임원 경영이 자격 미달 판정을 받은 총수의 경영권 연명에까지 악용되고 있습니다.KBS 뉴스 서재희입니다.서재희 기자 (seojh@kbs.co.kr)","주주 결의에 찬물…조양호 대표이사직 상실에도 ‘경영권’, 문제는?"
18,"[ 김보형/김진성/김익환 기자  ]“진심으로 말하는데 산업은행에서 (회장직을) 그만두라고 한 게 절대 아닙니다. 제가 먼저 (물러나겠다고) 제안했어요. 모든 책임은 제가 져야죠.”전화기 너머로 들려오는 박삼구 금호아시아나그룹 회장(74)의 목소리는 무겁게 가라앉아 있었다. 17년 만에 그룹 회장직을 내려놓으면서 할 말이 많은 듯했지만 말을 아꼈다. 박 회장은 28일 사퇴 발표 직후 한국경제신문과의 전화통화에서 “어제(27일) 이동걸 산업은행 회장을 만나 사임하겠다는 뜻을 밝혔다”며 “(금호산업·아시아나항공 등의) 주주들께 죄송한 마음뿐”이라고 했다. “직원들의 노고에 충분히 보답하지 못한 게 마음이 아프다”며 그룹 임직원에 대한 미안한 마음도 내비쳤다.박 회장이 그룹의 핵심 계열사인 아시아나항공 ‘회계 파문’ 엿새 만에 전격 퇴진이라는 초강수를 꺼내들었다. 아시아나항공에 대한 시장의 신뢰가 무너지면 신용등급 하락 등으로 차입금 상환이 어려워지고 유동성 위기가 불거져 그룹 전체가 흔들릴 것이라는 우려 때문이다. 주채권은행 산업은행도 “대주주와 회사의 시장 신뢰회복 노력이 선행되면 정상화를 지원하겠다”고 화답했다.박 회장은 사퇴시점에 대한 고민도 털어놨다. 국내 항공업계의 양대 축이었던 조양호 한진그룹 회장과 박 회장은 공교롭게 하루 차이로 나란히 경영 일선에서 물러났다. 조 회장은 지난 27일 2대 주주인 국민연금 등의 반대로 사내이사 재선임에 실패하면서 대표이사에서 퇴진했다. 그는 “전날 조 회장이 대한항공 대표이사에서 물러나면서 나까지 사퇴하면 오해를 사지않을까 고민했다”면서도 “대주주로서 하루라도 빨리 책임지는 모습을 보여야하는 게 맞다고 판단해 사임 의사를 공개했다”고 했다.재계에선 최종구 금융위원장 등이 대주주에 대한 책임있는 행동을 주문한 것도 박 회장의 사퇴에 영향을 미친 것으로 보고 있다. 최 위원장은 지난 25일 ""기업이 정상적으로 영업을 한다면 상환에 문제가 없는 것이 일반적이지만 보다 근본적으로 회사와 대주주가 좀 더 시장에서 신뢰할 수 있는 성의 있는 조치를 마련해야 한다고 생각한다”며 우회적으로 박 회장을 압박했다.아시아나항공의 자금조달 길은 꽉 막혀 있다. 재무구조 악화 우려가 커지는 와중에 외부감사인인 삼일회계법인으로부터 감사의견 ‘한정’을 받아 투자자 신뢰가 급격히 떨어진 탓이다. 올해 갚아야 하는 차입금만 1조3013억원에 달한다. 그야말로 ‘비상사태’다.고금리로 개인투자자들 사이에서 인기가 높은 영구채(신종자본증권) 발행 시도마저 물거품이 됐다. 지난 15일(850억원)에 이어 29일 영구채로 650억원을 마련할 계획이었지만 비적정(한정) 감사의견을 받은 직후 핵심 투자자인 대신금융그룹이 발을 빼면서 발행이 무산됐다.확실한 자금조달 수단이었던 자산유동화증권(ABS)마저 발행하기 힘들 것이란 관측도 나오고 있다. 최근 신용평가사들이 이 회사 신용등급을 하향 검토 대상에 올리면서 기존에 발행한 1조1328억원어치 ABS가 한꺼번에 즉시 상환 조건에 걸릴 위험에 처해서다. 항공권 판매수익을 기초자산으로 한 이 ABS에는 ‘국내 신용평가사 중 한 곳이라도 ‘BBB-’인 아시아나항공의 신용등급을 한 단계 떨어뜨리면 즉시 상환 조건이 발동된다’는 특약이 걸려 있다.금호아시아나그룹은 당분간 이원태 그룹 부회장을 중심으로 비상경영 체제에 들어가기로 했다. 그룹 관계자는 “대주주는 어떤 희생을 감수하더라도 아시아나항공의 경영 정상화를 위해 모든 노력을 다할 계획”이라며 “당분간 그룹 경영위원회 체제를 운영해 경영 공백이 없도록 하겠다”고 말했다. 장기적으로는 전문성을 갖춘 외부 인사를 그룹 회장으로 추대할 계획이다. 박 회장의 장남인 박세창 아시아나IDT 사장(44)의 경영 보폭이 한층 넓어질 것이란 관측도 나온다.재계에선 아시아나항공이 자산 매각을 통해 경영 정상화를 추진할 것으로 보고 있다. 자회사인 저비용항공사(LCC) 에어서울 지분 100%(작년 말 장부가 600억원)와 아시아나개발 지분 100%(491억원), 아시아나에어포트 지분 100%(385억원), 아시아나IDT 지분 76.22%(장부가 194억원), 에어부산 지분 44.17%(173억원) 등이 대표적이다. 부동산 중에선 경기 용인 아시아나CC, 서울 강서구 아시아나타운이 수천억원대 유동성을 확보할 만한 자산으로 꼽힌다.산업은행도 시장의 신뢰 회복을 전제로 지원하겠다는 뜻을 밝혔다. 산은은 아시아나항공 실사를 마치는 대로 경영정상화 방안을 마련해 다음달 끝나는 재무구조 개선 약정(MOU)을 다시 체결할 방침이라고 발표했다.김보형/김진성/김익환 기자 kph21c@hankyung.com[] []ⓒ 한국경제 &, 무단전재 및 재배포 금지","[단독 인터뷰] 박삼구 ""모든 책임지고 물러날테니 아시아나항공 도와달라"""
19,"[뉴스데스크]◀ 앵커 ▶치킨뿐 아니라 다른 상품들에서도 대형 마트들은 그야말로 '할인 전쟁'을 시작했습니다.동네 상권과의 상생이나 체면, 이런 건 옛말이고 일단 우리도 살아야 한다는 건데, 온라인 쇼핑이 활성화되면서 전 세계적으로 대형 마트가 위기를 맞고 있기 때문입니다.이재민 기자가 현장 취재했습니다.◀ 리포트 ▶""계란 1인당 한 판 한정, 2천 2백원씩!""진열대 앞에 수십 명이 줄지어 달걀을 채 갑니다.반 값 할인입니다.[김순자/서울 강서구]""얼마나 싼 데. 주부들이 1천 원만 싸도 줄을 서는데, 지금 이제 세 시부터 딱 하거든.""고등어 한 손, 삼겹살 1백 그램이 990원.'쇼킹 특가'라는 말까지 내걸었습니다.다른 대형 마트에서도 한우와 딸기, 생선류를 많게는 반값 가까이 할인해서 팝니다.당일 배송, 새벽 배송을 앞세운 온라인 쇼핑몰에 맞대응하려면 일단 어떻게든 손님들이 마트까지 오게 만들어야 하는데 식품은 가격과 신선도로 승부 할 수 있고, 와서 다른 상품까지 구매하게 하는 이른바 '미끼 효과'가 크다는 겁니다.[박형재/경기 김포시]""싱싱한 것, 그것을 내가 눈으로 직접 보고 사는 게 나으니까.""지난해 대형 마트 3사의 매출과 영업 이익률은 모두 떨어졌습니다.지난달에도 온라인 유통 업체 매출이 12% 늘어나는 동안 오프라인 업체는 7% 감소했고, 대형 마트 감소 폭이 13.7%로 가장 컸습니다.동네 상권을 밀어냈던 대형 마트들이 불과 몇 년 사이 온라인 업계에 밀려나는 신세가 된 겁니다.[박희진/대형 마트 점장]""살아 남아야 되겠다는 어떤 절박감 때문에 오프라인에서도 여러 가지 행사를 통해서 고객을 유치하고 있습니다.""명품 등 고가 제품으로 고정 손님을 잡는 백화점이나 각종 여가 시설로 가족 단위 고객을 유인하는 쇼핑몰에 비해 차별화 전략이 마땅히 없는 상황에서 대형 마트들은 점점 더 가격 경쟁에 치중할 것으로 보입니다.MBC뉴스 이재민입니다.이재민 기자 (epic@mbc.co.kr )[저작권자(c) MBC (http://imnews.imbc.com) 무단복제-재배포 금지]Copyright(c) Since 1996,&All rights reserved.","'극한경쟁' 돌입…""클릭 그만하고 마트로 오세요"""
20,"[앵커]정부가 오늘(28일) 고위공직자 재산변동 내역을 공개했는데, 상당수 고위공직자가 집을 두 채 이상 소유한 것으로 나타났습니다.특히 청와대와 부동산정책을 담당하는 부처의 고위공무원 10명 가운데 3명이 다주택자였습니다.정부는 그동안 부동산 안정을 위해 살지않은 집은 팔라고 국민에게 말해왔습니다.이철호 기자의 보도입니다.[리포트][김현미/국토부 장관/2017년 8월 : ""자기가 꼭 필요해서 사는 게 아니라면  집을 파는 게 좋겠다. 내년(2018년)  4월까지 우리가 시간을 드렸거든요?""]2년 전 8.2부동산 대책 발표 때 2주택자였던 김현미 장관은 배우자 명의의 집을 팔아 다주택자 꼬리표를 뗐습니다.하지만 장관급 이상 6명은 여전히 집을 두 채 이상 가졌습니다.이개호 농식품부 장관이 5채를 보유한 것을 비롯해 강경화 외교부 장관, 유영민 과기정통부장관, 도종환 문체부장관 등도 다주택자 명단에 이름을 올렸습니다.청와대와 부동산정책을 담당하는 국토부, 기재부만 따져 보니 10명 중 3명이 다주택자입니다.청와대 참모진 가운데 13명이 집을 2채 이상 가졌고, 부동산정책 주무부처인 국토부는 7명, 기재부는 5명이 다주택자로 신고했습니다.분양권과 오피스텔은 빼고 집계한 수치입니다.예금과 주식 등 금융자산 외에 부동산 가격 상승분까지, 고위 공직자들의 평균 재산은 12억 원이 넘었습니다.1년 새 5천9백만 원이나 늘었습니다.[김성달/경실련 부동산건설개혁본부 국장 : ""정작 해결하라고 권한을 쥔 당사자들이 부동산을 과하게 소유하고 있는 것에  대해서 이걸 보는 국민들은 이게 제대로 부동산 투기 근절 정책이 나올 수 있을까?""]국회의원들도 10명 중 4명은 다주택자입니다.71명은 서울 강남구와 송파구, 서초구 등 이른바 강남 3구에 주택을 한 채 이상 보유했습니다.25일 인사청문회에서 최정호 국토부 장관 후보자의 다주택 보유를 문제 삼았던 국토교통위 의원 중 12명이 다주택자입니다.국회의원 10명 중 8명은 1년 전보다 재산이 늘었고 절반 이상은 1억 원 넘게 증가했습니다.KBS 뉴스 이철호입니다.이철호 기자 (manjeok@kbs.co.kr)",“집 팔라더니”…靑·부동산 부처 10명 중 3명은 ‘다주택’
21,"[뉴스데스크]◀ 앵커 ▶불법 촬영물을 생산하고 공유한 이들은 조직적으로 증거를 인멸한 것으로 드러났습니다.가수 승리씨가 대화방 멤버들에게 ""휴대전화를 바꾸라""고 했고 이에 정준영씨는 미국에서 새 전화기로 바꾼 뒤 귀국한 것으로 확인됐습니다.확인된 동영상이 2016년에 멈춰있는 이유입니다.이어서 김민찬 기자입니다.◀ 리포트 ▶MBC가 입수한 경찰 수사기록을 보면 ""승리와 정준영, 최종훈 등 단체 카톡방 멤버들은 모의라도 한듯이 모두 휴대폰을 교체한 상태""라고 나와있습니다.이들은 지난 11일 불법촬영물이 자신들의 단체 카톡방에서 공유됐다는 사실이 알려지자마자 휴대폰 교체를 모의한 것으로 드러났습니다.가수 승리는 최종훈씨에게 ""휴대폰을 바꾸라""고 요구했다고 경찰이 밝혔습니다.정준영씨도 ""단톡방 멤버였던 박모씨의 요구로 미국 LA촬영장에서 사용하던 휴대폰을 버리고 새로 구입했다""고 경찰에 진술한 것으로 확인됐습니다.불법 동영상이 들어있는 휴대폰을 버린뒤 미국에서 귀국한 정씨는 동영상이 들어있는 자신의 휴대폰을 모두 제출한 것처럼 말했습니다.[정준영 (지난 15일)]""회자되고 있는 '황금폰'에 대해서도 있는 그대로 다 제출하고 솔직하게 모든 걸 다 말씀 드렸으니까…""하지만 정씨는 최근 촬영한 불법 동영상이 들어있을 것으로 추정되는 자신의 휴대폰을 폐기하고, 새 휴대폰과, 이미 불법행위가 드러난 2015년과 16년 당시의 과거 휴대폰만을 제출한 것으로 보입니다.승리 등 다른 단톡방 멤버 6명도 교체한 새 휴대전화를 경찰에 제출했습니다.이들의 조직적인 증거 인멸로 경찰은 최근 휴대전화를 확보하지 못했고, 수사는 최근 이들의 불법 촬영과 공유 실태는 밝혀내지 못한채 2015년과 2016년 사이 불법 행위를 중심으로 진행되고 있습니다.이런 가운데, 경찰은 카톡 대화방에서 불법 촬영물을 한 차례 유포한 혐의로 승리를 추가 입건했습니다.승리는 유포 사실은 인정했지만 직접 촬영하진 않았다고 주장한 것으로 전해졌습니다.MBC뉴스 김민찬입니다.김민찬 기자[저작권자(c) MBC (http://imnews.imbc.com) 무단복제-재배포 금지]Copyright(c) Since 1996,&All rights reserved.","[단독] 단톡방의 마지막은…""큰일났다 전화기 다 바꿔"""
22,"[뉴스데스크]오후부터 깨끗한 북풍이 불어준 덕에 미세먼지가 모두 사라졌습니다.서울에 내려졌던 초미세먼지 주의보도 해제됐는데요.내일은 추가로 들어오는 먼지가 없기 때문에 전국 대부분 지역 보통 수준을 보이겠습니다.단 오전까지 대기 정체로 서울 등 중서부 지역에서는 주의가 좀 더 필요하겠고요.주말인 모레는 전체적으로 청정하겠습니다.내일 아침 출근길에 중부지방의 하늘빛이 다소 흐리겠습니다.일부 빗방울이 떨어지는 곳도 있겠고요.영남과 전남 동부 지역으로는 건조주의보가 여전한 가운데 모레 전국에 봄비가 내리기 전까지 메마른 날씨가 계속되겠습니다.화재 사고에 각별히 유의하셔야겠습니다.현재 전국 하늘에 구름이 많이 지나고 있는데요.밤사이 기온이 크게 떨어지는 남부 지역과 강원 산간으로는 안개가 자욱하게 만들어지겠습니다.이어서 지역별 내일 날씨입니다.내일도 전국의 하늘에 구름이 가끔 많이 지나겠습니다.기온은 오늘보다 대체로 낮아서요.아침 기온 서울 5도, 대구 8도, 낮기온 서울 12도, 광주 18도까지 예상됩니다.다가오는 주말에는 꽃샘추위가 찾아오겠습니다.날씨였습니다.김가영 캐스터[저작권자(c) MBC (http://imnews.imbc.com) 무단복제-재배포 금지]Copyright(c) Since 1996,&All rights reserved.","[날씨] 출근길, 중서부 미세먼지↑…중부 빗방울, 남부 메마른 대기"
23,"[앵커]문제는 '출국 금지 정보'를 조회한 시점입니다. JTBC의 취재 결과, 문재인 대통령이 엄정한 수사를 하라고 지시한 직후에 '첫번째 불법 조회'를 한 것으로 파악됐습니다. 이어서 박상기 법무장관이 담화까지 발표하면서 수사 의지를 밝혔고, 이후에 김 전 차관이 출국을 시도한 날 두번째 조회가 이뤄졌습니다. 수사가 가시화되면서 김 전 차관이 해외 출국을 치밀하게 준비한 것이 아니냐하는 분석입니다.김선미 기자입니다.[기자]지난 18일 오후 2시, 문재인 대통령은 박상기 법무부 장관과 김부겸 행정안전부 장관을 불러 김학의 전 차관 사건 등의 '진상 규명'을 지시했습니다.[공소시효가 남은 범죄 행위가 있다면 반드시 엄정한 사법 처리를 해주길 바랍니다.]이후 오후 5시 20분쯤, 법무부 과거사위원회는 김 전 차관 사건 등을 두 달 더 조사하기로 결정했습니다.특히 ""조사 내용 중 수사 가능한 부분 먼저 검찰에 수사를 의뢰하겠다""고 했습니다.그리고 이틑 날 오전, 법무부 출입국 외국인 정책본부에서 일하는 법무관이 출근 직후 시스템에 접속해 김 전 차관의 출국 금지 여부를 조회했습니다.약 2시간 뒤에는 박상기 법무부 장관이 긴급 담화를 발표했습니다.[박상기/법무부 장관 : 드러나는 범죄 사실에 대하여는 신속하게 수사로 전환해 검찰이 수사에 착수하게 할 계획입니다.]이로부터 사흘 뒤인 22일 오전, 다른 법무관이 김 전 차관의 출국 금지 여부를 2차로 확인했습니다.김 전 차관이 태국으로 떠나기 위해 공항에 간 날이었습니다.결국 이날 밤 11시 58분 출국 직전 제지당한 김 전 차관은 '긴급 출국 금지' 조치를 당했습니다.[김학의/전 법무부 차관 : (몰래 출국하신 거였습니까?)…(한 말씀만 해주세요.)…](영상디자인 : 정수임)◆ 관련 리포트법무부 내부자, 김학의 출국 시도 전 '불법 출금 조회'→ 기사 바로가기 : http://news.jtbc.joins.com/html/953/NB11791953.html김선미(calling@joongang.co.kr) [영상편집: 홍여울]Copyright by JTBC(http://jtbc.joins.com) and JTBC Content Hub Co., Ltd. All Rights Reserved. 무단 전재 및 재배포 금지",대통령 수사 지시 직후 '출금 조회'…김학의 치밀한 준비?
24,"[이데일리 박지혜 기자] SBS ‘그것이 알고 싶다’ 제작진이 동영상 공유 사이트 유튜브 채널 ‘그것이 더(the) 알고 싶다’를 통해 방송에서 이른바 ‘버닝썬 VVIP’ 실체를 공개하지 못한 이유에 대해 밝혔다.28일 유튜브 ‘그것이 더 알고 싶다’에는 ‘그것이 알고 싶다-버닝썬 게이트 그 본질을 묻다’ 편을 연출한 박경식 PD가 출연했다.박 PD는 지난 23일 방송을 보고 한 누리꾼이 “그래서 VVIP가 누구라고? 예고편에선 VVIP 정체를 공개할 것처럼 쇼하더니 도대체 뉘집 아드님이시길래 그렇게 싸고 도는 거냐”라고 남긴 댓글에 답했다.그는 “예고편에 VVIP에 대한 존재를 드러냈다. 밖에서 (‘버닝썬’ 폭행 사건의 피해자) 김상교 씨를 때린 사람은 명확하고, 안에서도 먼 곳에서 (김 씨를) 살짝 폭행하는 모습이 잡혔다. 이 사람이 중요한 사람이라는 제보가 들어와서 예고를 낼 때까지만 해도 그 내용을 다루려고 했다. 예고가 나가고 방송이 나가는 한 주 사이에 저희가 생각했던 VVIP와는 전혀 다른 새로운 제보가 있었다”라고 말했다.이어 “저희가 원래 알고 있던 VVIP는 김모 씨였다. 그런데 실제로 때린 사람이 최모 씨라는 제보가 추가로 들어왔다. 최 씨 지인도 연락 왔고, ‘버닝썬’ 대표 이문호 씨도 최 씨가 때렸다고 했다”라고 덧붙였다.박 PD는 “타 방송사에선 최초 폭행자를 김 씨라고 했다. 제대로 된 팩트를 내보내려고 따져봤다. 최 씨는 자신의 직업을 클럽에서 ‘가드(Guard)’라고 밝혔다고 한다. 그런데 다른 제보자들은 가드의 정복이 있기 때문에 내부에서 사복을 입고 돌아다닐 수 없다더라. CCTV를 보면 마스크를 쓰고 회색 티를 입고 있다. 가드는 (클럽) 안에서 그런 복장을 입을 수 없으니까 최 씨가 아닌 김 씨라고 했다”라고 말했다.그러면서 “추가 취재 결과 최 씨는 가드가 아니고 VVIP로 불릴 만한 위치에 있을 사람이었다. 그래서 저희는 헷갈렸다. 가드가 아니라면 (최초 폭행자가) 최 씨였을 거다. 그런데 명확하지 않은 상태에서 좀 더 체크할 시간이 필요했다”라고 설명했다.앞서 ‘그것이 알고 싶다-버닝썬 게이트 그 본질을 묻다’ 편 방송 직후 ‘버닝썬 사태’ 도화선이 된 김상교 씨의 인스타그램에도 VVIP에 대해 묻는 댓글이 이어졌다.김 씨 역시 “VVIP는 복수로 제보 받은 용의자랑 경찰 쪽에 나타난 용의자랑 달라서 크로스체크 중에 있는 걸로 알고 있다”고 답했다.지난 3개월간 ‘버닝썬 사건’을 취재했다는 ‘그것이 알고 싶다’ 측은 방송 예고편에서 “승리보다 VVIP를 조사해야 한다. 아주 나쁜 X이다”라는 제보자의 발언이 나와 VVIP의 실체가 드러나는 것 아니냐는 기대가 높아졌다. 그러나 이번 방송에선 특별히 특정 인물이 언급되지 않았다.VVIP의 존재는 ‘버닝썬’에서 집단 구타를 당했다고 주장한 김 씨로부터 알려졌다. 김 씨는 지난해 11월 24일 클럽에서 성추행 당하던 여성을 보호하려다 클럽 VVIP와 장모 이사 등에게 폭행 당했다고 주장했으나, 경찰 조사 과정에서 오히려 김 씨가 현행범으로 체포된 사실이 알려지면서 ‘버닝썬’ 관련 온갖 비리가 드러났다.특히 김 씨는 지난달 28일 인스타그램 스토리에 클럽 ‘무인’의 간판과 내부 모습 등이 담긴 영상을 올리며 ‘버닝썬’ 이문호 대표가 운영하고 있는 또 하나의 클럽이라고 밝혔다. 그는 “내가 너네 여기서 약한다는 소리 듣고 12월에 뼈가 부러진 채로 혼자 들어가서 촬영해왔다. 다 모여 있더라. 대한민국 약쟁이들”이라며 “폭행사건 당시 경찰한테 이렇게 얘기했지만 당시에 묵살됐다. 내가 진짜 맞은 건, 나 때린 X는 한 명이 아니다. 분명히 원래 안에서 때린 사람은 장 이사가 아니다”라고 주장했다.그러면서 “술이 아니고 뭔가에 취한 듯 보였고, 술에 취해 흥분한 상태가 아니었다. 나를 클럽에서 먼저 때린 X는 너무 폭력적이고 흥분해 있었다”며 “근데 그 사람이 누군지 알아낸 것 같다. 그게 이 큰 뉴스들의 퍼즐 한 조각”이라고 덧붙였다.김 씨는 이후에도 JTBC ‘이규연의 스포트라이트’에 출연해 자신을 폭행한 가해자가 2명이며, 최초 폭행자는 클럽 VIP로 승리·가수 정준영·FT아일랜드 전 멤버 최종훈 등이 포함된 이른바 ‘승리 카톡방(카카오톡 단체 채팅방)’에 나오는 한 명이라고 주장했다.지난 21일 김 씨는 정준영이 이들의 카톡방 등에 성관계 동영상을 불법 촬영·유통한 혐의로 구속된 뒤 “세 달간 왜 경찰 유착과 연예인 카톡방이 같이 나온 지 이해가 되시겠나. 그들이 꾸민 계략이었고 결국 같은 X들이다. 덕분에 니들 조직 구조가 이해가 됐다. 무너져라 이제”라고 인스타그램에 적었다. 이어 “최초 폭행자 1명이 아니고 2명인 거 알고 있어. 그 얼굴 기억해, 곧 보자 버닝썬”이라고 덧붙였다.박지혜 (noname@edaily.co.kr)총상금 1050만원, 사진 공모전이데일리, 청춘뉘우스~",'그것이 알고싶다' PD가 밝힌 '버닝썬 VVIP' 공개하지 못한 이유
25,"[앵커]어제(27일)부터 저희가 이른바 햄버거병에 대한 새로운 취재 내용을 전해 드리고 있습니다. 그 파장이 상당히 커지고 있는 상황이죠. 4살 아이가 햄버거를 먹고 신장 기능의 90%를 잃은 사례를 어제 리포트를 통해서 전해 드렸습니다. 오늘 그 피해 어린이의 어머님을 직접 스튜디오에 모셨습니다. 2년 넘게 지금 1인 시위를 이어오고 계시는 상황입니다. 최은주 씨 나와계십니다. 어서 오십시오.[최은주/'햄버거병' 피해 아동 어머니 : 안녕하세요.][앵커]어제 리포트에서 제가 잘 뵈었습니다. 신장 기능의 90% 가까이 상실된 상태라는 것은 글쎄요, 이건 그냥 말씀만 들어도 그게 얼마나 어려운 상황인지 알 수 있을 것 같습니다. 투석을 매일 받아야 한다고.Q.[최은주/'햄버거병' 피해 아동 어머니 : 매일 밤 10시간 이상씩 기계로 자면서 밤새도록 투석을 받고 있습니다.][앵커]매일 밤이요?[최은주/'햄버거병' 피해 아동 어머니 : 매일 밤 하지 않으면 생명에 지장이 있습니다.][앵커]그 사이에 잠은 잘 수가 있습니까, 아이가?[최은주/'햄버거병' 피해 아동 어머니 : 아이다 보니까 잠 뒤척거리기도 하고 그럴 때마다 알람이 계속 울리죠. 그러면 제가 라인을 정리를 해 줘야 되고 많이 뒤척이죠, 아무래도 약이 배 안에 많이 들어가니까요.][앵커]학교를 금년에 들어갔다고 들었습니다.[최은주/'햄버거병' 피해 아동 어머니 : 올 3월에 입학했습니다.][앵커]이제 한 달도 안 된 상황인데.[최은주/'햄버거병' 피해 아동 어머니 : 네.][앵커]학교는 잘 다닐 수는 있습니까?[최은주/'햄버거병' 피해 아동 어머니 : 학교만 다니고 있고요. 3월에 입학했는데도 벌써 이틀이나 병원을 외래진료를 가느라 결석을 했습니다.][앵커]본인이 학교 다니는 걸 그래도 좀 좋아했으면 좋겠는데.[최은주/'햄버거병' 피해 아동 어머니 : 어디든지 가고 싶어 하는데 못 가니까 학교를 가는 게 이 아이한테는 거의 놀이인 거죠. 너무 고마운 거죠.][앵커]이게 햄버거병이라고 했습니다마는 그 당시에도 좀 병명 이름이 길어서 그래서 그렇게 줄여 부르기는 했습니다. 용혈성 요독증후군. 2016년 9월이었습니다. 이제 3년이 조금 안 된 그런 상황이기는한데. 이미 석 달 전에 그러니까 그 햄버거를 먹기 전에, 석 달 전에 패티에서 대장균이 발견됐다라는 얘기가 나왔잖아요.[최은주/'햄버거병' 피해 아동 어머니 : 네.][앵커]그런데 그게 그냥 유통이 돼 있는 상황이었고 그걸 전혀 모르는 상황에서 드신, 가족이 함께 나눠서 먹었다고요?[최은주/'햄버거병' 피해 아동 어머니 : 저희 가족이 전부 다 평택 매장에 가서 먹었고요. 만약에 이 사실이 세상에 알려졌으면 저는 절대 아이들을 데리고 가지 않았을 겁니다. ][앵커]너무나 당연한 그런 얘기인데 모르셨기 때문에.Q.[최은주/'햄버거병' 피해 아동 어머니 : 그렇죠. 글로벌 브랜드니까. 그리고 저희 아이가 먹은 건 미취학 아동들 어린이 세트 메뉴인 해피밀이었거든요. 만약에 조금의 위험이라도 있었다, 문제가 있었다라는 걸 알았으면 절대로 가지 않았을 겁니다.][앵커]가족들이 다 먹었는데 우리 따님이 그래도 하나를 다 먹었다고.[최은주/'햄버거병' 피해 아동 어머니 : 네, 해피밀 세트 2개였고 하나를 온전히 큰아이는 다 먹었고요. 나머지는 동생과 아빠가 먹었습니다.][앵커]괜찮았습니까?[최은주/'햄버거병' 피해 아동 어머니 : 둘 다 설사를 동반한 가벼운 식중독 장염 증세로 지나갔고요. 저희 아이는 그걸 거쳐서 장출혈성 대장균의 후유증이라고 얘기하는 용혈성 요독증후군으로 진행됐습니다.][앵커]어제 저희들이 이 내용을 전해 드릴 때 가장 가슴 아팠던 부분은 아이가 그것을 자책한다고 들었습니다.[최은주/'햄버거병' 피해 아동 어머니 : 처음에는 내가 왜 이걸 해야 돼, 왜 수술을 해야 돼? 많이 화를 냈고요. 그다음에 요즘에는 엄마 미안해, 내가 하나를 욕심부려서 다 먹어서 그렇지라고 자책하더라고요.][앵커]맥도날드 쪽에서는 혹시 어떤 얘기 있었습니까? 무혐의로 되기는 했습니다.Q.[최은주/'햄버거병' 피해 아동 어머니 : 저는 무혐의라고 생각하지 않고요. 증거 불충분 불기소라고 계속 법원에서 통지를 받았습니다. 단 한 번의 사과도 저희에게는 없었습니다, 맥도날드가요.][앵커]사과가 아니라 비슷한 다른 얘기라도 없었습니까?[최은주/'햄버거병' 피해 아동 어머니 : 아니요. 전혀 없었습니다.][앵커]한마디도 없는 상황입니까?[최은주/'햄버거병' 피해 아동 어머니 : 네. 제가 고소하고 두 달 정도 후에 홈페이지에, 맥도날드의 홈페이지에 공식 사과를 올렸다는 것조차도 저는 지인을 통해 알았습니다. 단 한 번도 저희에게 사과한 적 없습니다.][앵커]그런가요. 어제오늘 저희가 보도를 해 드렸고 물론 다 보셨을 테고 취재에도 협조를 해 주셨습니다. 패티 제공업체라든가 이런 쪽에서 일어났던 여러 가지 일들에 대해서 다 이제 아셨을 텐데.[최은주/'햄버거병' 피해 아동 어머니 : 저는 제가 처음에 형사고소를 할 때 기자회견에서 제 아이는 사고를 당했습니다라고 말씀드렸습니다.][앵커]사고를 당했다.[최은주/'햄버거병' 피해 아동 어머니 : 그때까지만 해도 사고라고 생각했습니다. 그런데 지금 이 상황에서는 너무나 고의적이고 악의적이고 제 입장에서는 계획된 범죄라고밖에 생각이 안 들고 그 범죄에 저희 아이와 나머지 아이들이 정말 큰 피해를 당한 피해자라고 생각합니다.][앵커]당연히 재수사에 들어가야 된다고 생각하시겠군요.[최은주/'햄버거병' 피해 아동 어머니 : 네, 꼭 재수사를 해 주셔서 그 책임자들에게 꼭 엄벌을 처해 주셔야 정말 다시는 이런 비극적인 일을 겪는 사람들 아이들이 없을 것 같습니다.][앵커]제가 지금 2개의 수첩을 사실은 받아놓고 있습니다, 어머니로부터. 이거는 어떤 내용입니까?[최은주/'햄버거병' 피해 아동 어머니 : 그거는 투석하는 복막환자들이 매일매일 기록하는 투석일지입니다. 약이 얼마만큼 들어갔고 배 안에서 나왔고 소변이 얼마고 체중과 또 혈압과 먹은 것, 특이사항, 주사 이런 것들을 다 기록합니다.][앵커]몇 년 동안 매일 기록할 수밖에 없었겠군요, 매일 투석을 하니까.[최은주/'햄버거병' 피해 아동 어머니 : 그럼요. 매일 해야 됩니다.][앵커]신장이식 이런 것이 혹시 가능하지 않습니까?[최은주/'햄버거병' 피해 아동 어머니 : 아직은 아이가 어리기 때문에 조금 더 기다려보려고 합니다.][앵커]이 수첩은 또 다른 수첩입니다. 어떤 내용일까요.[최은주/'햄버거병' 피해 아동 어머니 : 제가 법률 용어를 잘 몰라서 맥키코리아가 지금 맥키코리아만 기소가 되어서 재판 중인데.][앵커]패티 만들어서 제공한 데죠.[최은주/'햄버거병' 피해 아동 어머니 : 그 재판에 가서 그냥 무작정 듣는 대로 적었습니다. 법률 용어나 이런 거를 제가 잘 알지 못해서 일단은 적고 나중에 다시 훑어보고 검토하고 공부하고 그러고 있습니다.][앵커]우리 뉴스 조정실에서 저한테 시간을 다 쓰셨다고 하는데 두 가지 생각이 듭니다. 시간을 다 썼다니까 좀 야속하기도 하고 또 한편으로는 제가 지금 인터뷰를 진행하기에 저도 좀 힘들어서. 죄송합니다. 그런데 두 가지만 질문 드리겠습니다. 말씀드린 대로 맥도날드는 무혐의 처분을 받았고요. 지금 맥키코리아가 이제 재판을 이어가고 있는데 직접 그 법정에서 재판 과정을 보셨을 때 제일 이해가 안 갔던 부분은 어떤 게 있습니까?Q.[최은주/'햄버거병' 피해 아동 어머니 : 맥키코리아 재판 마무리될 즈음에 맥키코리아 변호사분이 한 여섯, 일곱분이 계시는데 그중 한 분이 늘 마지막에 하는 말씀이 있으세요. 저희 피고인들이 너무나 긴 재판 과정으로 인해 일상생활에 지장을 받고 있습니다. 빨리 재판을 진행해 주셨으면 합니다라는데 저희 아이는 매일 살기 위해서 치료하는데 그분들이 몇 달에 한 번, 짧게는 15분, 길게는 3~4시간을 법정에 앉아 있는게 그렇게 힘든 건지 모르겠습니다.][앵커]알겠습니다. 마지막 질문도 드리겠습니다. 인터뷰 마쳐야 되는데 내가 이것만은 꼭 한마디 하고 싶다라는 말씀도 전해 주시죠.[최은주/'햄버거병' 피해 아동 어머니 : 다시는 그 누구도 어느 기업도 돈 때문에 사람의 건강이나 생명을 위협하는 그런 짓은 절대로 하면 안 되고 또 용납이 되어서도 안 된다고 생각하기 때문에 꼭 재수사, 단체고발에 대한 수사 모두 다 제대로 돼서 그 책임자들을 좀 벌받았으면 좋겠습니다.][앵커]오늘 정치권하고 시민단체들도 나서서 재수사를 촉구했는데 저희들도 이 문제를 계속해서 관심을 가지고 보도해 나가도록 하겠습니다.[최은주/'햄버거병' 피해 아동 어머니 : 정말 감사합니다.][앵커]오늘 어려운 걸음 해 주셨습니다. 고맙습니다.[최은주/'햄버거병' 피해 아동 어머니 : 감사합니다.]◆ 관련 리포트""안 되는 줄 알면서도 했다"" 맥도날드 '불량 패티 공급' 뒤엔…→ 기사 바로가기 : http://news.jtbc.joins.com/html/947/NB11791947.html◆ 관련 리포트'불량 패티' 피할 구멍 알려준 공무원…그나마도 '엉터리'→ 기사 바로가기 : http://news.jtbc.joins.com/html/946/NB11791946.html◆ 관련 리포트검찰, 맥도날드-공무원 의혹 포착하고도…'무혐의' 이유는→ 기사 바로가기 : http://news.jtbc.joins.com/html/945/NB11791945.html손석희(sohn.sukhee@jtbc.co.kr)Copyright by JTBC(http://jtbc.joins.com) and JTBC Content Hub Co., Ltd. All Rights Reserved. 무단 전재 및 재배포 금지","[인터뷰] '햄버거병' 피해 어머니 ""왜 아이가 자책해야 하나"""
26,"[뉴스데스크]◀ 앵커 ▶지금부터는 버닝썬 게이트 관련, MBC의 단독 보도를 시작합니다.MBC가 이미 구속된 가수 정준영씨 그리고 승리씨 관련, 수사 기록물을 입수했습니다.정 씨는 흔히 말해서 때와 장소를 가리지 않고 여성을 상대로한 불법 촬영물을 생산했고, 자랑하듯이 동료 연예인들과 공유했습니다.특히 영상물이 얼마나 되는지도 모르는지, 경찰이 하나씩 발견해 제시할때 마다 ""또 나왔어요?""라고 반문하기도 했습니다.먼저 홍의표 기자입니다.◀ 리포트 ▶MBC는 가수 정준영씨에 대한 경찰의 자세한 수사 기록을 입수했습니다.이에 따르면 정준영씨는 지난 2016년 다른 남자 연예인들이 참여한 단체 대화방에 여성의 신체 사진 한 장을 올립니다.정씨가 비행기를 타고 귀국하다 앞좌석에 앉은 여성을 찍은 것이었습니다.정씨는 30초 뒤 이 사진을 다른 연예인들과 지인들이 참여한 다른 대화방에도 올렸습니다.정씨의 불법촬영은 시간과 장소를 가리지 않았습니다.타이완의 호텔과 자신의 아파트, 강남의 음식점, 비행기 안, 유흥주점 등 다양한 장소에서촬영이 이뤄졌습니다.동영상 유포 시간도 새벽 0시 24분, 새벽 3시 35분, 오후 2시 40분 오후 6시 35분등 으로 시도때도 없이 주변인 들에게 공유한 것으로 드러났습니다.영상 길이는 대부분 10초 미만으로 피해여성들이 눈치채지 못하게 뒷모습 등을 촬영한 것이 많았습니다.2015년에는 자신의 집에서 불법촬영해 전송한 사실을 피해여성에게 들켜 삭제하기도 했습니다.하도 많이 촬영하다보니 정준영씨는 자신이 얼마나 많은 여성을 촬영했는지 알지 못했습니다.경찰 조사를 받던 정씨는 수사관이 여성 피해자의 영상을 제시할 때마다 ""또 나왔냐?""며 반문했습니다.경찰 수사기록에는 ""정씨가 영상을 볼 때마다 고개를 숙이고 한숨을 내쉬었다""고 나와있습니다.정씨로부터 압수한 이른바 '황금폰'에서 자료를 추출한 경찰은 그 자료가 방대해 추가범죄 사실이계속 확인되고 있다고 밝혔습니다.정씨를 구속한 이후 추가 수사를 통해 3건의 추가 범행을 확인한 경찰은 모두 11차례에 걸쳐 불법촬영물을 유포한 혐의로 정준영씨를 내일 검찰에 송치할 예정입니다.MBC뉴스 홍의표입니다.홍의표 기자[저작권자(c) MBC (http://imnews.imbc.com) 무단복제-재배포 금지]Copyright(c) Since 1996,&All rights reserved.","[단독] '불법촬영' 어디까지…정준영 본인마저 ""또 나왔냐"" 한숨"
27,"세월호 참사 당시 선체 내부 모습을 담은 DVR(디지털영상저장장치)가 수거된 뒤 조작 혹은 편집된 정황이 확인됐다. 해군과 해경이 사전에 DVR를 확보했으면서도 이를 감출 목적으로 참사 두 달여 만에 거짓으로 DVR를 수거하는 척 ‘연출’해 국민을 속였을 가능성이 높다는 것이다. DVR는 세월호 선체 내부에 설치된 폐쇄회로(CC)TV 64개의 영상을 저장한 장치로 세월호 침몰 원인 등을 규명할 핵심 ‘스모킹건’으로 평가된다. 조작이 사실이라면 누가 어떤 이유로 개입했는지 수사를 통해 밝혀야 한다는 주장이 힘을 얻고 있다.가습기살균제사건과 4·16 세월호참사 특별조사위원회(특조위)는 28일 서울 중구 포스트타워에서 ‘세월호 CCTV DVR 관련 조사 내용 중간 발표’ 기자간담회를 열고 이런 사실을 공개했다. 특조위는 증거인멸의 증거가 상당하고 관련 증거에 관한 제보가 절실한 점, 사안의 중대성 및 긴급성 등을 고려해 조사 내용을 중간 발표했다고 설명했다.특조위는 해경의 부탁을 받아 해군이 참사 두 달여 만인 2014년 6월22일 오후 11시40분 DVR를 수거했다고 발표했지만 이는 거짓일 가능성이 높다고 밝혔다. 우선 DVR 수거 담당자인 A중사는 세월호 안내데스크에서 DVR를 확인하고 그 본체를 케이블 커넥터 나사를 푸는 방법으로 분리해 수거했다고 진술했지만, 특조위 조사 결과 케이블은 분리되지 않았다. 선체 인양 후 조사에서 커넥터도 발견되지 않았다. 또 통상 DVR 같은 중요 장치를 수거할 때 잠수사들이 해당 물건을 반드시 비춰주고 확인되면 갖고 올라가는데, 선체 내 수중 영상에서 DVR가 단 한 번도 잡히지 않는 등 A중사의 말을 믿기 어렵다고 특조위는 전했다.특조위는 아울러 해군이 수거했다고 한 DVR에는 고무패킹이 떨어져 있고, 열쇠 구멍이 잠금 상태였지만 세월호 4·16기록단이나 검찰이 확보한 DVR는 고무패킹이 달려 있고, 열쇠 구멍이 ‘잠금 해제 상태’로 나타난 것도 DVR 조작 정황을 뒷받침한다고 밝혔다. 특조위의 박병우 세월호참사 진상규명국장은 “해군과 해경이 세월호 DVR를 6월22일 이전에 미리 수거해놓고, 이후 이상 없이 꺼내온 것처럼 연출한 것으로 보고 있다”며 “(은폐의) 윗단(윗선)을 추론하는 게 대단히 조심스럽지만 누군가는 참사가 났을 때 그 상황을 정확히 알고 싶어 했을 것이고 그래서 미리 수거했을 수 있다고 본다”고 말했다.이번 특조위 발표는 군경이 조직적으로 국민을 속였다는 얘기여서 공분을 사는 내용이다. 세월호 침몰을 둘러싼 핵심 단서인 DVR는 사고 이후 두 달여 만에, 그것도 밤 늦은 시간(오후 11시40분)에 비공개적으로 수거됐다. 참사 당일 오전 8시46분까지만 기록된 것으로 나타난 영상 녹화 시간도 일부 생존자들이 오전 9시30분까지 CCTV가 켜져 있는 것을 봤다고 증언하면서 조작 의혹이 일었다. 이런 상황에서 해군과 해경이 미리 DVR를 수거했으면서도 거짓 연출을 한 정황이 있다는 특조위의 이번 발표는 누군가 세월호의 진실을 감추려 한다는 심증에 무게를 실어준다. ‘4·16 세월호참사 진상규명 및 안전사회 건설을 위한 피해자가족협의회’는 “경악스럽다”며 “전면 재수사 필요성을 인정하고 ‘세월호 참사 특별수사단’ 설치를 강력히 요구한다”고 촉구했다.한편 해군은 이날 입장문을 통해 “당시 현장에서 수거된 모든 증거물은 구조현장에 입회한 관계관들이 확인한 가운데 즉시 해경으로 이관했다”고 밝혔다.이희경·박수찬 기자 hjhk38@segye.comⓒ 세상을 보는 눈, 글로벌 미디어",미리 꺼내놓고 2달 뒤 수거 발표?…세월호 DVR 조작 논란
28,"불법 촬영물 유포 혐의로 구속된 가수 정준영(30)씨가 경찰이 영상을 제시할 때마다 ""또 나왔냐""며 한숨을 쉬는 등 자신이 촬영한 영상물이 얼마나 되는지도 모르는 듯한 모습인 것으로 전해졌다.28일 MBC가 경찰 수사 기록을 인용해 보도한 바에 따르면 정준영은 2016년 불법 촬영물을 때와 장소를 가리지 않고 생산, 유포했다. 호텔과 자신의 아파트, 강남의 음식점, 비행기 안, 유흥주점 등 다양한 장소에서 여성의 신체 부위 촬영물을 단체 카카오톡 방마다 유포했다.동영상 유포 시간도 새벽 0시 24분, 새벽 3시 35분, 오후 2시 40분 등 일정치 않았다.시도 때도 없이 불법 촬영을 유포한 정준영은 하도 많이 촬영하다보니 자신이 얼마나 많은 여성을 촬영했는지도 알지 못하는 상태인 것으로 전해졌다.경찰 수사기록에는 ""정씨가 영상을 볼 때마다 고개를 숙이고 한숨을 내쉬었다""고 적혀있다. 경찰이 확보한 정준영의 대화 내용은 2015~2016년에 한정돼 있다.경찰은 ""정씨로부터 압수한 핸드폰에서 추출한 자료가 방대해 추가 범죄 사실이 계속 확인되고 있다""고 밝혔다. 경찰은 정준영 구속 이후 3건의 추가 범행을 확인했으며 모두 11차례에 걸쳐 불법촬영물을 유포한 혐의로 정준영을 29일 검찰에 송치할 예정이다.정은혜 기자 jeong.eunhye1@joongang.co.kr▶▶ⓒ중앙일보(https://joongang.co.kr), 무단 전재 및 재배포 금지","""정준영, 몰카 영상 제시할 때마다 '또 나왔냐'며 한숨"""
29,"[앵커]서울 강남의 횡단보도에서 뺑소니 사고를 내고 달아난 20대 남성을 경찰이 한 달 만에 붙잡았습니다. 차량 안개등 한 쪽에 불이 안 들어오는 것을 파악한 경찰이 CCTV 250개를 추적해서 뺑소니범을 체포했습니다.홍지용 기자입니다.[기자]신호등에 녹색 불이 들어옵니다.길을 건너던 보행자가 갑자기 뒤돌아서는 순간, 검은색 차량이 들이받습니다.[목격자 (119 통화 내용) : 네, 뺑소니가 있어 가지고요. (다친 사람 있어요?) 예, 지금 사람 한 명 다쳐서 쓰러져 있어요.]차에 치인 보행자는 3m 넘게 떨어진 이 지점에 쓰러졌습니다.운전자는 차를 멈추지 않고, 속도를 높여 그대로 달아났습니다.뺑소니범은 29살 장모 씨였습니다.장 씨는 신호를 무시하고, 서울 성북구의 집까지 약 12km 거리를 8분 만에 내달렸습니다.보행자는 전치 16주의 부상을 입었습니다.당초 경찰은 장 씨의 추적에 애를 먹었습니다.CCTV에도 차량이나 운전자 정보를 알 수 있는 장면이 없었습니다.그런데 CCTV 화면에서 차량 안개등 한 쪽이 고장나 불이 들어오지 않은 것을 발견했습니다.경찰은 CCTV 250대를 추적하면서 안개등이 고장난 차를 쫓았고 결국 한 달 만에 장 씨를 붙잡았습니다.경찰은 장 씨가 사고 이전 강남의 노래방에서 맥주를 마셨다는 진술을 확보하고, 음주 운전 여부를 조사하고 있습니다.(화면제공 : 서울 강남경찰서)홍지용(hong.jiyong@jtbc.co.kr) [영상취재: 김준택 / 영상편집: 이지혜]Copyright by JTBC(http://jtbc.joins.com) and JTBC Content Hub Co., Ltd. All Rights Reserved. 무단 전재 및 재배포 금지","'안개등 고장' 뺑소니차…경찰, CCTV 250대 뒤져 검거"
30,"[ 김예랑 기자  ]배우 윤균상의 반려묘 솜이가 무지개 다리를 건넜다.윤균상은 28일 오후 자신의 인스타그램에 ""저희 애기들을 사랑해주시는 분들을 위해 말씀드린다. 27일 6시경 저희 집 막둥이 솜이가 무지개 다리를 건넜다""고 전했다.솜이는 '헤어볼'을 토해내는 과정에서 폐에 토사물이 들어가 폐렴이 왔고, 검사 도중 결국 운명했다.윤균상은 ""폐렴이 오고 나아지는 듯 했으나 폐수가 차는게 보이고 복막염인 것 같았다. 확진을 위해 검사를 진행하는 도중 서둘러 떠나버렸다""고 털어놨다.그는 ""너무 서둘러 가는 바람에 마지막 떠나는 모습을 보지 못했다. 눈물 속에 인사하고 보내주게 됐다. 늦은 대처나 실수는 없었고 최선을 다해준 병원에도 감사 인사를 전한다""고 말했다.이어 ""솜이가 너무 힘들어서 얼른 쉬고 싶었나보다. 아무도 이별을 생각하고 만남을 시작하지 않는다. 글을 쓰면서도 눈물이 나고 머리가 깨지고 가슴이 불타는 기분""이라며 ""반려동물, 호기심과 이기적인 욕심으로 분양 받지 마시길 부탁드린다""고 당부했다.마지막으로 윤균상은 솜이를 향해 ""더 좋은 아빠가 되어주지 못해 미안해 딸""이라고 애정을 전해 안타까움을 자아냈다.윤균상 반려묘 솜이 죽음의 원인인 '헤어볼'은 고양이가 털을 손질하며 삼킨 털이 몸 속에 쌓여 이룬 단단한 털뭉치를 뜻한다.흔히 그루밍이라고 불리는 몸단장을 하면서 삼키게 되는 털은 대부분 소화되어 변으로 나오기도 하지만, 위에 쌓이면서 단단한 털뭉치인 헤어볼을 이루기도 한다.특히 고양이 헤어볼이 배출되지 않고 오래 위에 쌓여있게 되면 구토와 식욕감소, 기력저하를 유발한다.'포옹'에 따르면 반려묘 헤어볼 구토 횟수가 잦거나 고통스러워할 경우 동물 병원을 방문해야 한다.헤어볼 예방법으로는 매일 털 빗질 해주기, 충분한 수분 섭취, 그루밍에 집착하지 않도록 장난감으로 관심 끌기, 헤어볼 예방 기능성 사료 먹이기, 변비 예방에 좋은 캣그라스 적당량 먹이기 등이 있다.김예랑 한경닷컴 기자 yesrang@hankyung.com기사제보 및 보도자료 newsinfo@hankyung.com[] []ⓒ 한국경제 &, 무단전재 및 재배포 금지",무지개 다리 건넌 윤균상 반려묘 솜이…'고양이 헤어볼' 뭐길래
31,"홀수 해마다 열리는 '2019 서울모터쇼'가 28일 프레스 데이를 시작으로 개막했다. 다음달 7일까지 일산 킨텍스에서 열리는 올해 모터쇼에는 국내외 완성차 브랜드 21개 등 총 227개 업체가 270여 대 차량을 출품했다. 올해 서울모터쇼는 전 세계에서 처음 공개되는 신차만 7종으로, 그 어느 때보다 풍성한 볼거리를 선보일 예정이다.이날 오전 8시부터 열린 프레스 데이의 문을 연 것은 메르세데스-벤츠였다. 디미트리스 실라키스 메르세데스-벤츠 코리아 대표는 '혁신은 멈추지 않는다'를 주제로 더 뉴 A-클래스 세단, 더 뉴 CLA, 콘셉트카 '비전 EQ 실버 애로우' 등 3종의 아시안 프리미어(아시아 최초 공개) 모델을 소개했다.벤츠부터 시작된 이날 발표는 기아자동차에서 정점을 찍었다. 권혁호 기아차 국내영업본부장(부사장)은 올해 하반기 출시 예정인 소형 스포츠유틸리티차량(SUV) 'SP 시그니처'와 대형 플래그십 SUV '모하비 마스터피스'의 외부 실물 디자인을 세계 최초로 공개해 참석자들의 시선을 사로잡았다.모하비 마스터피스는 정통 SUV 스타일의 헤리티지를 계승하는 동시에 과감하고 대담하고 혁신적인 디자인을 선보였다. 풀체인지 모델은 아니지만 신차급에 가까운 디자인 변경이 눈에 띈다. 콘셉트카이지만 하반기에 출시될 양산차 디자인도 크게 바뀌지 않을 것으로 보인다. 내부 디자인은 이날 공개되지 않았다.SP 시그니처는 기아차가 추구하는 하이클래스 소형 SUV의 이상적인 이미지를 제시했다는 평가다.현대자동차는 이날 프레스 데이에서 신형 쏘나타의 새로운 라인업인 하이브리드와 1.6 가솔린 터보 모델을 처음 공개했다. 이광국 현대차 국내영업본부장(부사장)은 ""올여름 본격적으로 출시되는 신형 쏘나타 하이브리드와 1.6 터보 모델에도 많은 관심과 사랑을 부탁 드린다""고 말했다. 신형 쏘나타 하이브리드는 차량의 지붕에 설치한 태양광 패널로 배터리를 충전하는 '솔라 루프'를 국내 양산차 최초로 적용해 연료 효율성을 극대화했다는 평가다. 솔라 루프에서 생산되는 전력으로 1년에 약 1300㎞를 주행할 수 있다고 현대차 측은 밝혔다.파업으로 몸살을 앓고있는 르노삼성자동차는 내년부터 부산공장에서 생산하는 쿠페형 SUV 'XM3 인스파이어'를 전 세계 언론에 처음 공개했다.르노삼성은 내수 5만대 이상 판매를 목표로 하는 것으로 전해졌다. 로그를 대체하기에는 5만대가 부족하며 수출을 해야 한다. 르노그룹과 르노삼성은 이날 수출 가능성을 부인하지 않았지만 구체적인 수출 계획을 밝히지 못했다. 로렌스 반덴 애커 르노그룹 디자인 총괄부회장은 이날 인터뷰하면서 ""XM3는 한국 시장을 특별히 겨냥해서 디자인했다""며 ""한국 시장 반응을 보면서 수출을 고려할 수 있을 것""이라고 말했다.신차 공개는 없었지만 쌍용자동차는 최근 새로 출시한 코란도를 통해 자율주행과 커넥티비티(연결성), 전기차(EV)를 선보이겠다고 밝혔다. 특히 쌍용차는 코란도 전기차가 1회 충전으로 400㎞까지 주행할 수 있을 것이라고 밝혀 눈길을 끌었다.전 세계 전기차 트렌드를 선도하고 있는 올해 최초로 서울모터쇼에 참가한 테슬라는 국내에서 처음으로 '모델3'를 선보였다. 테슬라 측은 오는 4분기부터 모델3 주문 접수를 하고, 내년 초에 인도할 예정이라고 설명했다.수입차 중에서 가장 눈길을 끈 브랜드는 재규어랜드로버였다. 재규어랜드로버는 아시아 최초로 선보인 '올 뉴 레인지로버 이보크'에 '서울 펄 실버' 색상을 채택해 눈길을 끌었다. 올해에만 한정 판매하는 '레인지로버 벨라 SV오토바이오그래피 다이내믹'도 전 세계 최초로 서울모터쇼에서 공개됐다.[문지웅 기자]r_start //r_end //[ⓒ 매일경제 & mk.co.kr, 무단전재 및 재배포 금지]",신차급으로 확 바뀐 기아차 모하비 시선집중
32,"“내일 송해 형님이랑 손담비씨가 나를 만나자고 하네요. 나를 위해서 KBS에 모인다고. 내가 손담비씨 노래를 전국적으로 (유명하게) 해줘서 고맙대요~”‘웃으면 복이 온다’는 말이 이런 걸까. 지난 24일 KBS 1TV <전국노래자랑> 서울 종로구편에 출연해 손담비 댄스곡 ‘미쳤어’ 무대를 선보여 일약 스타덤에 오른 지병수씨(76)는 인터뷰 내내 미소를 잃지 않았다. 파란만장한 인생과 누나들 얘기를 할 때는 잠시 눈물을 보이기도 했지만, 그의 얼굴엔 미소가 남긴 세월의 흔적이 가득했다. 지씨는 “요즘 여기저기서 연락이 와서 정신이 하나도 없다”면서도 손담비와의 듀엣이 성사돼 “너무 좋다”고 말했다. 28일 오전 서울 종로구 종로노인종합복지관에서 만난 지씨와의 대화를 일문일답으로 정리했다.-<전국노래자랑> 이후에 이렇게 사랑받을 줄 예상하셨나.“전혀 상상도... 진짜 상상도 못했어. 이렇게까지 (인기가) 올라갈 수 있을까. (유튜브) 조회수가 200만이 넘었다고 하더라. 사람들이 만나면 나보고 노래도 좋지만 웃는 모습, 얼굴, 그게 그렇게 귀엽대.(웃음) 이 못난이 얼굴을 귀엽다고 하니까. 어디가서 노래하면 귀엽대. 나 칠순 때도 제대로 했거든요. 음악 틀어놓고 마이크 잡고 노래하니까 음식 나르던 종업원들이 고개를 딱 들고 다 나만 봤대. 친구들이 그걸 기억하더라고. 내가 참 보람이 있네.”-보람이라면 어떤 보람을 느끼시나.“이번에 내가 제일 보람 느낀 건 <전국노래자랑> 나갔을 때 어르신들 할머니, 할아버지들이 앵콜 외쳤을 때. (처음에는) 저 노인네가 저 노래를 부를 수 있을까 (의심)하다가 앵콜 해주니까. 그 전에 친구들이랑 놀면서도 노래방 가서 신나게 노래하고 박수쳤지만, 이렇게 할머니, 할아버지들을 즐겁게 웃게 해준다는 게 마음적으로 좋았고 즐거웠지. 또 요즘 경기가 어렵다고 하지 않나. 근데 나 덕분에 많이 웃었다고. 누가 내가 세 번째라고 하더라. 경기가 어려울 때 국민들 웃게 해준 1등이 박세리, 2등이 박찬호. 3등이 나라고 그러네?(웃음)”-지담비, 할담비, 종로구 멋쟁이 등등. 벌써부터 별명이 많다. 어떤 별명이 제일 마음에 드시나?“(웃음) 할담비가 제일 듣기 좋다. 손담비 노래를 해서 이렇게 됐으니까. 손담비씨에게 고마워. 평소에도 아이돌 노래를 좋아하는데. 티아라, 카라, 박진영 허니도 좋아하고. 근데 지금 아이돌 노래는 조금 어렵다. 자기들끼리 하니까. 동작도 어렵고. 내가 흉을 낼 수는 있지만 힙합을 할 수도 없잖아.”-<전국노래자랑>에서 손담비 ‘미쳤어’를 선곡한 이유가 있나.“내가 그걸 소화할 수 있으니까. 손담비 노래는 내가 하도 많이 (연습)해서 소화할 수 있다. 처음에는 나미 ‘인디언 인형처럼’을 할까 하다가 ‘아니다. 내가 손담비 노래 많이 불러봤으니까 이걸 소화시키는 게 낫겠다’ 해서 ‘미쳤어’를 불렀지.”-손담비가 고맙다고 영상도 올리고 했는데.“굉장히 좋았다. 내가 손담비까지는 못하고. 처음에 PD 선생님이 의자도 놓고 해보라는데 내가 끼를 못 부리겠더라고. 그래서 ‘나 의자 안 놓고 한다’하고 그냥 (손담비랑) 똑같이 안 해도 흥겹게 춤 추면서 내 마음대로 했다.”-11남매 중 막내라고 들었다. 가족들이 무대를 보고 많이 좋아하셨다고 들었다.“11남매 중에 내가 막내 맞다. 내가 태어난 게 전라북도 김제 시골. 그 당시 사람들 다 초등학교만 졸업하고 그랬는데, 나는 전주북중도 다니고 그랬어, 시골에선 말도 못할 경사였다. 엄마, 아버지가 중학교 합격했을 때 3일이나 잔치해줬다. 농사 짓는 데 옆에서 우리 아들 전주북중 들어갔다 하면서. 아버지가 동사무소 이장이었는데 딴 동네에서도 잔치 오고 그랬다. 그렇게 컸는데. 누나들은 그날 노래 듣고 전화가 왔다. 나도 지금 마음이 울적한데. 많이 울었대요. ‘우리 막내동생이 결혼도 않고...’ 하면서 많이 울었다. 평상시에도 누나들이 전화하면 많이 운다. 내가 노래하는 걸 보고 할머니, 할아버지들은 다 웃었는데 우리 누나들은 울었대. 나한테 맨날 ‘아프지 말고 건강해라. 안 아파야 누나들 걱정 안하고 살지’ 그래요.”-노래와 춤은 물론이고, 밝게 웃으시는 모습에 덩달아 웃게 된다는 사람이 많다.“제가 밝은 건 마음을 다 비워서 그렇다. 긍정적으로 생각한다. 제가 기초생활수급자인데 받아봐야 50만원 조금 넘게 나온다. 옛날에 도장을 잘못찍어서 아파트 두 채 날아가서 지금 월세 산다. 이 나이에 월세 살면서도 한 번도 ‘끙~’ 이렇게 안 살았다. 주머니에 1000원만 있어도, 이거 1000원으로 만족하고 살자. 다른 때 (돈이) 좀 생기겠지. 제가 양아들이 둘이다. 큰 애는 52살 먹었고, 둘째는 49살인데 지금 같이 살고 있다. 그냥 서로 의지하고, 사랑스럽게 보면서 사는 거다. 양아들이지만 손주 중3짜리 하나도 있고.”-아들들은 뭐라고 하나?“손주란 놈이 제일 먼저 전화 왔다. 할아버지 지금 테레비 나온다고 그러더라. 그러면서 할아버지 ‘미쳤어’를 왜 그렇게 부르냐고 했다. 참 귀엽다. 아들들은 ‘젊게 사세요.’ 또 ‘아버지는 노래를 좋아하니까 노래 즐겁게 하시면서 살라’고. 제가 노래 듣는 거 참 좋아한다. 뽕짝, 발라드 안 가린다. 여기서도 공부를 많이 한다. 보니까 노래를 그냥 부르면 안 되더라. 슬픈 가사에서는 슬프게, 기쁠 때는 또 이렇게 올려가면서 표현을 해가면서 불러야 해. 그걸 연습 많이 하고 있다.”-송해 선생님은 직접 만나니 어땠나.“송해 선생님, 아니지 나한텐 형님이지. 나보고 이래. ‘아니, 손담비 ‘미쳤어’를 시켰어? 미쳤어?’ 끝나고 나니 형님이 ‘앵콜송도 해야지’ 그러더라고. 근데 앵콜 노래를 하려니까 긴장돼서 노래가 안 나와요. 마이크를 입에다가 대야 하는데 그냥 멀뚱하게 서서 대답만 했어. 그래도 ‘인디언 인형처럼’하고 ‘허니’하고 불렀다.”-주로 어떤 노래 즐겨 들으시나.“손담비, 카라. 손담비 노래나 카라 노래는 가사 있다. 자기 흥에 취해서 하는 게 아니라 가사에 의미가 있어서 참 좋다. 남을 폄하하는 게 아니라 가사가 참 좋아. 가사 의미를 알고 하니까 자연히 노래가 되더라. 진짜 나는 그렇게 생각한다. 참, 트로트 노래 가사도 참 좋다.”-요즘 연습하는 노래가 있으신지.“요즘에 배우는 건 뽕짝으론 홍진영 ‘따르릉’하고 지원이 ‘쿵짜라’ 배우고 있다.”-무용을 18년 했다는 얘기가 있더라.“전통 무용을 했다. 처음에 대학 졸업 하고 군대 갔다와서 옷 장사를 명동 5년, 청담동 5년 이렇게 10년 했다. 하다보니 아니다 싶어서 술 장사 해보자 해서 3~4년 정도 호프집을 했다. 그러다 우연히 이매방 선생님 제자 임이조 선생님을 만났는데, 나한테 끼가 있다고 하더라고. 국악을 좀 도와달라해서 나중엔 일본까지 가서 7~8년을 공연도 하고 살았다. 내가 재밌게 하니 일본가면 히트를 친다고 하더라고. 그때 내가 80kg이었는데, 첨엔 저런 사람이 어떻게 국악을 추냐 하더만 내가 딱 추는 걸 보고 다른 사람 필요없고 나만 가면 된다고 하대? 그래서 1983년도에 일본 가서 밤에 공연도 하고 그렇게 살다 들어왔다.“-즐겁게 사는 비결이 있으신가.“사람이 살아가는 데 딴 거 없다. 돈이 있고 없고 떠나서 내 소원은 건강하고 아프지 않는 것. 그렇게 가는 게 소원이다. 좀 없어도 항상 마음을 넓게, 넓게 잡고 웃으며 그렇게 사는 게 그게 보람이다. 아무것도 아니라도 웃으며 살고. 보통 때 양아들하고 일이 있어서 말다툼할 때도 있다. 그럼 이러면 안 되지 하고 10분 뒤에 마음 돌려서 가서 미안하다고 하고 푼다. 70 넘어서도 찡그리면서 살지 말고, 내가 좋아하는 거 그냥 남한테 마음으로 해만 안 끼치면 된다. 즐겁게 노래도 하시면서 살고 그러면 좋지.”-<전국노래자랑> 말고 또 도전하고 싶은 분야가 있나.“도전하고 싶은 건 없다. 그냥 내가 사는대로 노래 좋아하니까 노래하면서 살 거다. 내가 뭘 바라보겠어. 떼돈을 버는 것도 아니고. 있는 돈도 없지만 그렇게 편하게 살려고 노력하고 있다.”-<전국노래자랑> 연말결산 예선 무대를 벌써 준비 중이시라고.“준비하고 있다. 뭘 부를지는 아직은 모른다. 네 가지, 세 가지 연습해서 그 중에서 어디가서 노래해서 이게 낫다고 하면 그걸로 정할 생각이다. 완전 소화하는 노래는 손담비 노래인데 비디오 좀 더 보고 해서 내가 할 수 있는 부분 연습해서 이것도 다시 할 수 있으면 좋겠다. 내가 좀 꾸미고 가볼까 하니까 PD 선생님이 그러지 말라고 하더라. 그냥 정장 입고 넥타이 매고. 내 나이답게 하는 게 제일 좋다고 해서 그렇게 하려고 한다.”-응원해주시는 분들에게 한 말씀해주신다면.“나를 이렇게 좋아해주고, 나이 먹었는데도 인식해주고 좋게 봐줘서 감사하다. 그냥 아프지 않고 즐겁게 열심히 살겠다.”이유진 기자 yjleee@kyunghyang.com▶▶▶©경향신문(www.khan.co.kr), 무단전재 및 재배포 금지",‘전국노래자랑’이 낳은 스타 ‘할담비’ 지병수씨 “내일 손담비 만나요~” [인터뷰]
33,"[이데일리 김민정 기자] 기아자동차가 28일 킨텍스에서 열린 ‘2019 서울모터쇼’에서 플래그십 SUV ‘모하비 마스터피스’를 세계 최초 공개했다.‘모하비 마스터피스’는 정통 SUV 스타일의 헤리티지는를 계승하는 동시에 과감하고 혁신적인 시도로 극대화했다. 대담하고 존재감 있는 스타일링이 돋보인다.지난 2008년 모하비가 처음 출시된 후 8년 만에 부분변경을 단행한 ‘모하비 마스터피스’는 이번이 두번째 부분변경을 실시하게 됐다. 다만 출시한지 10년이 지난 모델임에도 완전변경을 출시하지 않기로 확정한 것을 보고 고객들은 다소 아쉽다는 반응을 보이고 있다.전면부는 기아차의 기존의 그릴이 전체로 확대된 새로운 디자인이 적용됐다. 또 그릴과 램프 간 경계의 구분 없는 수직 구조의 라이트 배치를 통해 웅장함과 무게감을 강조한 모습이다.반면 후면부는 전면부와의 통일성을 유지하면서도 신규 적용된 리어콤비네이션 램프를 통해 당당하면서도 안정된 이미지를 확보했다.새로운 모하비는 후륜 구동 기반 V6 3.0 디젤 엔진을 적용해 색다른 주행 성능을 발휘할 것으로 보인다. 여기에 프레임 바디로부터 확보된 안정적인 승차감과 정숙성 등의 주행 감성이 기존 모델 대비 한층 더 정교화되고 고급스럽게 진화될 예정이다.이와 함께 첨단운전자보조시스템(ADAS), 최신 커넥티비티 기능 등 기아차의 혁신 선행 기술 역량을 모두 동원해 최고의 상품성을 갖추고 하반기 국내 SUV 시장에 돌풍을 일으킬 것으로 기대를 모으고 있다.양산형 모하비 모델은 올해 하반기 국내에 출시될 계획이다.김민정 (a20302@edaily.co.kr)총상금 1050만원, 사진 공모전이데일리, 청춘뉘우스~",기아차의 자부심…베일벗은 3세대 '모하비 마스터피스'
34,"[아시아경제 윤신원 기자] 중국에서 한 배에서 태어났지만 아빠가 다른 쌍둥이 형제가 태어났다.27일(현지시간) 영국 데일리메일은 중국 현지 매체를 인용해 지난해 중국 샤먼시에서 아빠가 서로 다른 이란성 쌍둥이 형제가 태어났다고 보도했다.지난해 A씨는 아내 B씨와의 사이에서 이란성 쌍둥이 형제를 낳았는데 아들 중 한 명이 자신과 유독 다르게 생겨 친자확인 검사를 의뢰했다. A씨는아빠가 서로 다른 쌍둥이, 과학적으로 가능한 일일까? 보통 이런 현상을 '중복임신'이라고 하는데, 중복임신이 가능하려면 일반적으로 한 달에 한 개씩 배란되는 난자가 여러 개 배출돼야 하며, 이 난자들이 며칠 내로 각각 서로 다른 정자와 수정돼야 한다. 즉 B씨가 남편과 잠자리를 가진 지 얼마 지나지 않아 다른 남성과 관계를 가졌다는 뜻이다. 과학적으로는 가능하나 중복임신이 될 확률은 극히 낮다.친자검사를 진행한 샤먼시 법의학센터 책임자는 ""동물들에게는 비교적 흔히 나타나는 현상이지만 인간이 중복임신을 할 확률은 0.0001%도 안 되는 수준""이라며 ""우리도 검사결과를 보고 깜짝 놀랄 정도였다""고 설명했다.윤신원 기자 i_dentity@asiae.co.kr","한 배에서 태어난 '쌍둥이', 아빠 서로 달라"
35,"'2019 서울모터쇼'가 28일 미디어데이를 시작으로 29일부터 4월 7일까지 10일간 열립니다.이번 서울모터쇼에는 완성차 21개, 전기차 7개 등 총 227개 업체가 참가했고, 신차 39종 등 총 270여 대의 차량이 전시되는데요.이중 세계 최초로 공개되는 차는 기아자동차 ‘모하비 마스터피스’와 르노삼성자동차 ‘XM3 인스파이어 쇼카’ 등 7대입니다.서울모터쇼의 대세는 럭셔리 ‘SUV’이지만 가장 관심이 쏠리는 부분은 역시 ‘친환경 미래차’입니다. 참가한 업체 대부분이 전기차를 선보였고, 테슬라도 처음 참가해 '모델3' 등을 전시하고 있습니다.·다양한 콘셉트카도 만나볼 수 있는데요. CBS 레알시승기팀에서 2019 서울모터쇼를 미리 다녀왔습니다.kjm586@cbs.co.kr저작권자 © CBS 노컷뉴스 무단전재 및 재배포 금지","[레알시승기] 2019 서울모터쇼, 세계 최초로 공개되는 차는?"
36,"[오마이뉴스 글:서부원, 편집:최은경]이 글로 지난 한 달간 연재했던 '독일에서 숨은그림찾기'를 갈무리할 생각이다. 변변찮은 글 솜씨라도 귀국한 뒤 수첩과 사진을 다시 꺼내보면서 느낀 바를 글로 풀어내는 재미가 나름 쏠쏠했다. 기억이 흐릿해지기 전에 끝내야 한다는 부담 때문인지 사흘에 한 편 꼴로 여행기를 마구 쏟아냈던 것 같다.마무리는 글보다 사진으로 대신할까 싶다. 지금까지 써온 9편의 글에서 다루지 못했던 못 다한 이야기인 셈이다. 한 달 가까이 독일의 이곳저곳을 여행하며 나름 감명 깊었던 순간을 사진에 담아 보았다.아쉬운 게 있다면 몇몇 사진의 화질이 나쁘다는 점이다. 휴대폰으로 어두운 실내에서 플래시 없이 촬영했거나 전시된 사진을 찍은 것이기 때문이다. 짐이 될까봐 DSLR 카메라를 챙겨오지 않은 게 후회될 때가 한두 번이 아니었다. 메모하려는 데 펜이 없는 느낌이었다고나 할까.특별히 사진과 글의 순서를 염두에 둔 건 아니지만, 지금 가슴이 시키는 대로 자판을 두드리고 있으니 순서가 곧 순위라고 해도 그리 틀리진 않을 것 같다. 적어도 사진에 담긴 장소에서는 자리를 뜨지 못하고 한참을 서성거렸을 만큼 깊은 인상을 주었다. 굳이 공통점을 찾자면, '독일'보다 '인간'이라는 두 글자가 먼저 떠오른 곳들이다.우선, 베를린의 '토포그라피 데스 테러(Topographie Des Terrors)'에서 본 흑백 사진 한 장. 나치당의 집권기였던 1936년 함부르크의 한 조선소에서 군함 진수식에 참석한 히틀러에게 노동자들이 집단 경례를 하는 장면을 촬영한 것이다. 동그라미 안의 한 사람만 팔짱을 낀 채 탐탁잖은 표정을 짓고 있다는 점이 눈길을 끈다.그는 란트메서라는 독일인으로 밝혀졌는데, 비록 나치당에 가입했지만 유대인 여성과 결혼했다는 이유 등으로 '인종 오염죄'라는 죄목으로 재판에 회부되어 고초를 당했다고 전한다. 이후 부인은 다른 유대인들과 함께 수용소 가스실에서 학살되고, 란트메서는 전장에 끌려가 총상을 입고 숨졌다. 다행히도 그의 두 아이는 살아남아 고아원에 입양되었다고 한다.1936년이면 스페인 내전을 시작으로 유럽 전역이 전쟁의 소용돌이에 빠져들며 히틀러가 전권을 쥐고 전쟁 준비에 박차를 가하던 때다. 남녀노소를 불문하고 모두가 팔을 치켜들며 앞 다퉈 히틀러에게 충성을 맹세하던 상황을 용납할 수 없었던 걸까. 사진 속 냉소적인 그의 얼굴은 획일적이고 폭력적인 전체주의의 속성을 고스란히 보여주는 증거로 길이 남았다.두 번째는 베를린 한복판 베벨 광장 지하에 설치된 텅 빈 서가다. 베벨 광장은 독일의 수많은 대학생들이 '더러운 정신을 박멸하자'는 나치의 선전장관 괴벨스의 선동에 정치, 철학, 문학, 교육, 예술을 망라한 각 분야의 숱한 저서들을 불태운 참담한 사건의 현장이다. 이는 '금서(禁書)'를 넘어 '분서(焚書)'를 자행한 나치의 대표적인 만행으로 기록되고 있다.당시의 사진을 보면, 불타고 있는 책 더미를 에워싸고 환호성을 지르는 젊은이들의 모습이 선명하다. 당대 최고의 지성인이었던 그들이 나치에 협력하며 제2차 세계대전의 공범으로 전락했음을 보여주는 상징적인 장면이다. 이런 반문명적 만행은 20여 년 뒤 지구 반대편 중국의 문화대혁명 당시 '홍위병'으로 되풀이되기도 했다.광장 지하의 책 한 권 꽂혀 있지 않은 빈 서가는 지성인의 사회적 책무를 성찰하게 만드는 상징물이다. 책이 없다는 건 사고가 멈췄다는 것을 뜻하고, 굳이 광장을 오가는 사람들의 발아래에 둔 것은 지성이 짓밟혔음을 의미하는 메타포다. 이를 통해 광장을 찾는 이들에게 '이성이 잠들면 괴물이 눈 뜬다'는 교훈을 끊임없이 환기시켜주고 있는 것이다.공교롭게도, 베벨 광장은 독일 최고의 명문으로 손꼽히는 베를린 훔볼트 대학에 둘러싸여 있다. 아침부터 베벨 광장을 가로질러 대학 도서관을 향하는 젊은이들이 많이 보인다. 아마도 그들은 광장 지하의 빈 서가를 매일 밟고 지나면서 과거 선배들이 저지른 잘못을 반복하지 않겠다는 다짐을 가슴에 새길 것이다.세 번째는 어딜 가나 '발에 치이는' 기념물들을 들겠다. 독일은 16세기 이후 종교개혁이 불붙은 곳으로서 종교 관련 기념물도 많지만, 나치의 만행과 관련된 것이거나 제2차 세계대전 후 냉전의 유산들이 대부분이다. 유독 '메모리얼'이라는 이름이 붙은 유적이 많은 것도 그래서다.우리로 치면 그 수가 편의점이나 카페처럼 많지만, 규모가 앙증맞을 만큼 작고 특별한 시설이나 장식이 없어 친근하게 다가온다. 2711개나 되는 관 모양의 콘크리트 구조물을 눕혀놓은 '홀로코스트 메모리얼' 등의 대규모 기념물도 더러 있지만, 대개는 소박하고 단순하며 일상에 가까이 들어와 있다. '발에 치인다'는 속된 표현을 부러 쓴 이유다.이방인 여행자 입장에서는 주의 깊게 살피지 않으면 그냥 지나치기 십상이다. 유적지 안내판도 변변치 않은데다 그런 게 있는지조차 모르는 마당에 현지인들에게 물어볼 수도 없다. 우리나라의 여행안내서에서는 아예 소개조차 안 되어 있는 게 대부분이니 애초 목적지 삼을 일도 없는 곳들이다.어쩌면 유별나지 않으니 기억에 더 오래 남는 건지도 모르겠다. 지하철역 입구에 유대인 강제 이주 관련 기념물이 서 있고, 주택가 인근 담벼락엔 대문 손잡이 크기의 빗돌을 빼곡하게 붙여 놓았다. 빗돌에는 학살당한 이의 이름과 연도, 장소 등을 새겨놓았고, 그 위에 그곳을 지나는 시민들이 추모의 마음을 담아 조그만 돌멩이를 올려놓았다. 일상 속 추모 공간인 셈이다.네 번째는 베를린 신박물관의 전시물 중 주인공 격인 네페르티티 여왕의 흉상. 신박물관은 '박물관 섬' 안에 자리한 이집트 유물 전문 박물관으로, 인접한 페르가몬 박물관과 함께 베를린을 대표하는 '핫 플레이스'다. 기원전 14세기 아케나톤의 왕비인 네페르티티는 이 흉상 덕에 클레오파트라와 더불어 이집트의 최고 미인으로 손꼽힌다.박물관 안에서 사진 촬영이 금지된 몇 안 되는 유물로, 친견하려는 관람객들로 흉상이 전시된 방은 하루 종일 북새통을 이룬다. 유물도 감동이지만, 감동을 몸이 불편한 장애인들과도 함께 나누려는 박물관의 배려가 더 놀랍다. 점자로 된 안내판은 기본이고, 전시된 흉상 곁에 똑같은 재질과 크기의 모형을 세워두고 만지며 감상할 수 있도록 한 것이다.공간적 제약 때문인지 모든 유물에 모형을 갖춰놓지는 않았지만, 박물관을 대표할 만한 것만큼은 장애인들도 함께 즐길 수 있도록 한 것이다. 독일의 박물관은 장애인들이 아무런 불편함 없이 문화를 향유할 수 있도록 다양한 편의시설을 완벽하게 갖추고 있는데, 앞이 보이지 않는 이들의 권리까지 챙기는 모습이 인상적이었다. 실제 박물관을 찾는 장애인들이 적지 않았다.다섯 번째, 퇴락한 졸버레인 탄광의 모습도 빼놓을 수 없겠다. 북서부의 에센에 자리한 채탄장으로, 제2차 세계대전 이후 패전의 상처를 딛고 독일을 명실공히 세계 최고의 공업국가로 발돋움시킨 기반을 제공한 곳이다. 1986년 문을 닫을 때까지, 이른바 '라인 강의 기적'을 일으킨 역사의 현장이다.작동을 멈춘 녹슨 철골 구조물이 널브러져 있어 을씨년스럽지만, 내부를 박물관과 미술관으로 재단장해 연중 관광객들을 불러 모으고 있다. 특히 이곳을 공공 디자인의 허브로 키우겠다는 야심찬 계획을 세우고 탄광 단지 내에 대학을 유치하는 데 성공했다. 2002년 근대 공업의 상징적 유산으로서의 가치를 인정받아 유네스코 세계문화유산으로 지정되었다.이곳은 우리에게도 각별할 수밖에 없다. 1960~1970년대 외화 벌이를 위해 수많은 광부와 간호사들이 파견된 곳이기 때문이다. 내부에 당시 그들의 생활상을 보여주는 사진과 유품 등이 전시되어 있어 잠시 눈시울이 붉어지기도 한다. 1964년 박정희 전 대통령이 파독 광부와 간호사들을 위무하기 위해 방문했던 함보른 탄광은 이곳에서 자동차로 20분 거리에 있다.여섯 번째는 베를린 필하모닉의 점심 무료 공연 장면이다. 주지하다시피, 베를린 필하모닉은 전설적인 지휘자 카라얀이 이끌었던 세계 최고 수준의 관현악단이다. 정기 연주회와는 별개로 매주 화요일 점심시간에 단원들이 1시간 가량 베를린 시민들을 대상으로 무료 공연을 여는데, 나름의 사회적 기여 활동인 셈이다.관람 인원이 선착순 천 명으로 한정되어 있기 때문에, 넉넉잡아 한두 시간 전에는 줄을 서야 입장할 수 있다. 공연하는 곳이 무대가 아니라 입구의 홀이어서 대개는 서서 관람해야 하는데, 수준급 공연을 즐기기 위한 사람들로 바닥은 물론, 계단과 난간이 순식간에 가득 찬다. 아예 벽에 기대어 연주자들을 보지 않고 곡만 들으려는 이들도 많다.놀라운 건, 일부 이방인 여행자들을 제외하곤 관람객 대부분이 백발이 성성한 어르신들이라는 점이다. 평일이니 일반 직장인들에게는 부담스러운 시간임에 틀림없지만, 어르신들이 지그시 눈을 감은 채 관현악을 감상하는 모습은 무척 낯설었다. 더욱이 공연 전에 배포된 당일 연주곡 관련 자료를 읽고 삼삼오오 모여 대화를 나누는 모습은 부럽기만 했다.마지막으로, 주택가 광장 한쪽에 세워진 서가를 꼭 소개하고 싶다. 앞뒤로 책이 수북이 꽂혀 있고 자물쇠는 채워져 있지 않아서, 처음 본 순간 어디에 쓰는 물건이고 어떻게 사용하는지 무척 궁금했다. 이용하는 사람이 올 때까지 그 앞에 서서 한참을 기다려야 했다.고등학생 정도로 보이는 주민 한 명이 다가오더니, 가방에서 책을 꺼내 서가에 꽂더니 서가의 다른 책 한 권을 꺼내 가방 속에 넣곤 사라졌다. 얼마 안 있어 여자 아이 한 명이 똑같은 방식으로 책을 꽂고 빼갔다. 주민들끼리 책을 돌려 읽기 위해 마련한 개방형 서가였던 것이다. 우리 같으면 많은 책이 파손되거나 분실되었을 텐데, 유지되고 있는 것 자체가 신기했다.혹시나 싶어 서가 주위를 둘러봤다. 어디엔가 CCTV가 설치되어 있을 거라는 생각 때문이었다. 아무런 거리낌 없이 아무나 서가에서 책을 꺼내 가져갈 수 있게 내버려두는 건 무모하다고 여겨서다. 하지만 CCTV 같은 건 없었다. 외려 CCTV를 대신한 건 주민들끼리의 신뢰가 아닐까.저작권자(c) 오마이뉴스(시민기자), 무단 전재 및 재배포 금지","독일에서 한달살이, 가슴에 꽂힌 일곱 장면"
37,"[오마이뉴스 글:임희정, 편집:최은경]연재 '나를 붙잡은 말들'은 프리랜스 아나운서 임희정씨가 쓰는 '노동으로 나를 길러내신 아버지, 어머니에 대한 이야기'입니다.  <편집자말>나는 군것질을 참 좋아한다.과자, 아이스크림, 초콜릿, 젤리, 달달한 그것들을 오물오물 씹고 있으면 기분이 참 좋아진다. 어렸을 때도, 학교 다닐 때도, 퇴근하고 집에 갈 때도 슈퍼에 들러 좋아하는 과자를 고르는 그 시간은 내가 가장 좋아하는 하루의 '순간'이었다.때때로 밥은 안 먹어도 과자는 꼭 먹어야 했고, 밥을 먹은 후에도 과자는 먹어야 했다. 어느 날은 아이스크림 전문점에 들러 파인트도, 패밀리 사이즈도 아닌 냉동 진열장 안에 들어 있는 아이스크림 한 통에 얼마냐고, 그걸 살 수 있냐고 물어본 적도 있다.그 큰 아이스크림 통 하나를 사서 하루 종일 내 방에 앉아 숟가락으로 마음껏 퍼먹고 싶었다. 먹어도 먹어도 남아 있겠지? 상상했다.엄마, 아빠는 이런 나의 군것질 사랑을 잘 알아서 퇴근길에, 장을 보고 집에 오는 길에, 한두 개씩 과자와 아이스크림을 꼭 사 오셨다.어린 나는 퇴근하고 들어오는 아빠보다 아빠 손에 들려 있던 검정 비닐봉지를 더 반겼다. 장을 보고 양손 가득 무겁게 짐을 들고 오는 엄마보다 장바구니 안에 들어 있던 과자만 쏙쏙 꺼내 내 방으로 들어왔다. 철없던 그때, 과자와 아이스크림에 밀려 엄마, 아빠는 보이지 않았다.나는 버터와플, 빼빼로, 롤리폴리를 좋아했는데, 아빠는 빠다코코넛, 샤브레, 건빵을 사 왔다. 나는 부드러운 소프트 아이스크림을 좋아했는데, 엄마는 아맛나, 메가톤, 비비빅을 사 왔다.짜증을 내며 봉지를 뜯고 툴툴거리면서 잘도 먹었다.가려던 방향을 틀어, 어딘가에 들러, 일부러 무언가를 한다는 것은 한동안 마음 속에 무언가를 품고 있지 않으면 힘든 일이다. 일을 마친 뒤 피곤한 몸을 이끌고 집으로 올 때면 집 앞에 있는 세탁소에 들르는 것도 귀찮지 않나. 가끔은 들고나간 가방도 무거워 차 안에 그냥 두고 집에 온 적도 있지 않나.그런데 아빠, 엄마는 아니었다. 새벽부터 시작한 고된 하루의 노동을 마치고 오는 아빠는 꼭 슈퍼에 들러 과자를 사 왔다. 엄마는 양 손에 야채와 과일을 잔뜩 들고 시장에서부터 손마디가 얼얼할 정도로 무거운 짐을 들고 오면서도 꼭 슈퍼에 들러 아이스크림을 사 왔다.아빠는 퇴근시간이 다가오면 '우리 딸 과자 사다 줘야지...' 했을 것이고, 장을 보고 집에 가는 길이면 엄마는 '우리 딸 아이스크림 좋아하는데...'라고 곱씹었을 것이다.타지에서 혼자 살 때 오랜만에 집에 올라오면 나는 울컥 멈춰서 있을 때가 많았다. 내 방 문을 열고 들어가면 책상 위에는 큰 '노래방 새우깡'이 놓여 있었다. 냉동실 문을 열면 간 마늘과 생선 사이로 '메로나, 빵빠레, 구구콘, 투게더'까지 종류별로 아이스크림이 꽉꽉 채워져 있었다.아빠는 과자를 좋아하는 딸내미가 오랜만에 집에 온다고 하니, 슈퍼에 가서 그냥 새우깡의 크기로는 성이 안 차 과자 중에 제일 커 보이는 노래방 새우깡을 집어 오셨다.엄마는 아이스크림을 좋아하는 딸내미가 집에 온다고 하니, 슈퍼에 가서 하드가 아닌 최대한 부드러워 보이고 비싸 보이는 아이스크림을 종류별로 집어 오셨다. 엄마와 아빠는 또 다시 방향을 틀어, 슈퍼에 들러, 딸이 좋아하는 과자와 아이스크림을 샀다. '우리 딸 이번 주말에 집에 오지...' 아마도 월요일부터 이 말을 되새겼을 것이다.내가 아무리 군것질을 좋아한다지만 겨우 주말 이틀 있다 내려갈 건데, 크기와 양만 봐서는 두 달은 너끈히 먹을 수 있을 것 같다. 결국 나는 새우깡 한 주먹과 메로나 하나를 겨우 먹고 다시 내려갈 채비를 한다.커버린 딸의 입맛은 변했고, 늙어버린 부모의 자식 사랑은 변하지 않았다. 그렇게 혼자 사는 집으로 돌아오면 다 먹지 못한 노래방 새우깡과 아이스크림이 계속 생각이 났다. 부모의 사랑은 너무 과분해 못난 딸내미는 그걸 다 먹어내지 못했다. 엄마와 아빠는 나 대신 남겨진 과자와 아이스크림을 먹으며 딸 생각을 씹어 삼키실 것이다.한동안 나는 그 어떤 과자도 아이스크림도 울컥 하고 목구멍이 차올라 잘 먹지 못했다.저작권자(c) 오마이뉴스(시민기자), 무단 전재 및 재배포 금지- 이 글은 브런치에도 실렸습니다. https://brunch.co.kr/@hjl0520/27","남겨진 과자, 그리움을 씹어 삼켰을 아빠"
38,"[서울경제] 28일 경기도 고양시 킨텍스에서 열린 2019 서울모터쇼 프레스데이에서 기아자동차가 걸그룹 블랙핑크와 함께 콘셉트카 '모하비 마스터피스'를 세계 최초로 공개하고 있다./성형주기자 2019.03.28저작권자 ⓒ 서울경제, 무단 전재 및 재배포 금지",블랙핑크와 함께한 모하비
39,"[오마이뉴스 오문수 기자]33일간의 남미여행 마지막 도시는 브라질의 옛 수도인 리우데자네이루다. 그런데 브라질 사람들은 리우데자네이루가 아닌 '히우데자네이루'로 발음했다. 그럴만한 이유가 있었다. '리우데자네이루'는 라틴어나 스페인어식 발음이다. 즉, 포르투갈어의 첫 글자 'R'은 'h'로 발음하기 때문에 '히우데자네이루'로 발음한다.'히우데자네이루'라는 지명에 얽힌 재미있는 이야기가 있다. 1502년 1월 '구아나바라'만 에 도착한 포르투갈 탐험대는 만을 강으로 착각해 포르투갈어로 강이라는 뜻의 '히우(Rio)'와 1월이라는 뜻의 '자네이루(Janeiro)'를 합성해 이곳을 '히우데자네이루'라고 불렀다.'슈가로프(Sugar loaf)' 마운틴으로 알려진 바위산으로 일명 '빵 산'이라고 불리는 '빵 지 아수까르' 산에서 리우데자네이루 시내를 바라보면 도시가 얼마나 아름다운지 알 수 있다. 브라질리아로 수도를 옮기기 전까지 200여년간 브라질의 수도였던 곳으로 포르투갈 식민지 유산이 고스란히 남아 있는 도시다. 아름다운 해변과 카니발, 삼바댄스 등 특유의 매력을 지닌 도시다.브라질에 대해 공부하다 흥미로운 사실을 발견했다. 브라질 국명이 나무이름에서 유래됐기 때문이다. 브라질에는 껍질과 속까지 온통 불그스레한 '빠우 브라질(Pau Brasil)'이라는 나무가 자란다. 이 나무는 단단해서 대패질하기가 어렵지만 귀중한 염료를 얻을 수 있다.1500년대 브라질을 식민화한 포르투갈은 해안 일대에 이 나무의 전문 채집장인 '팍또리아(Factoria)를 건설해 재배와 수출을 독점했다. 수출이 급증해 남벌이 계속되자 이 나무는 희귀종으로 변해 점차 자취를 감추기 시작했다. 오늘날에는 세계자연보존연맹이 멸종위기종으로 등재해 보호하고 있다.새벽에 일어나 바깥을 보니 비가 내린다. 여행기간 내내 좋은 날씨가 계속되어 좋았는데 여행을 끝마칠 무렵에 비가 내리니 아쉽다. 하지만 하늘이 하는 일을 인간의 힘으로 어쩔 도리가 없다. 리우데자네이루의 첫 번째 일정은 이 도시의 랜드마크인 예수상을 보러 가는 것이다.리우데자네이루의 상징이기도 한 이 상은 1931년 브라질 독립 100주년을 맞이해 포르투갈이 선물한 것이다. 해발 709m 언덕 위에 세워진 예수상의 높이는 30m에 일직선으로 편 두 팔의 길이는 28m, 무게 1,145톤이나 된다.인근 미나스제라이스주의 특산인 매끌매끌한 유백색 돌을 정교하게 다듬어 지은 이 상은 동쪽을 향해 시가지를 굽어보고 있다. 이곳에서 내려다보는 리우데자네이루 시가지 모습은 환상적이라고 들었는데 아쉽다. 비가 내려 시가지가 안개에 휩싸였기 때문이다.멋진 모습을 한 예수상 대신 안개에 휩싸인 예수상 사진을 죽마고우 친구한테 보냈더니 답장대신 시 한수를 보내 왔다. 친구가 좋아하는 시라며 보내준 헤르만 헤세의 <안개 속에서>라는 싯귀이다.일행 중에는 지인도 있었고 여행팀에서 만난 사람도 있었다. 남미 5개국을 돌면서 만난 사람들도 수없이 많았다. 하지만 그 사람들이 가슴 속 공허함을 채워주지는 못했다. 친구가 애송시라며 시구를 해석해줬다.멋진 말이다. 여행안내서나 뉴스 속에서 여태까지 보아온 리우데자네이루 예수상은 산 정상에서 시가지를 내려다보는 멋진 모습만 보여줬다. 하지만 이날 사진 속 멋진 모습을 상상하며 내려다 본 리우데자네이루는 안개에 휩싸여 어둠에 쌓여 있었다. 안개가 준 깨달음은 있다. 리우데자네이로에는 세계최고의 살인율을 자랑(?)한다는 빈민가 '파벨라'가 있다.리우데자네이루의 산기슭엔 빈민가인 파벨라가 있다. 다닥다닥 붙어 있는 집들이 마치 '흐드러지게 핀 꽃'과 같다고 해 붙여진 이름 '파벨라'. 파벨라는 각종 마약 조직 등이 점령해 관광객이 함부로 드나들기 위험한 곳이다.현지 가이드가 ""이 지역은 경찰공권력도 미치지 못하는 위험한 지역이니 정차하지 않고 빨리 지나가겠습니다""라고 말하길래 차창을 열고 사진을 찍었더니 질겁하며 ""빨리 문 닫으세요. 카메라를 빼앗아 가버립니다""라고 해 얼른 문을 닫고 카메라를 숨겼다. 가이드 설명에 의하면 살기가 어려워진 원주민들이나 시골사람들이 몰려와 이곳에 살면서 빈민가가 형성됐다고 한다. 파벨라는 아름다운 리우데자네이루 뒤에 숨은 어두운 그림자였다.파벨라 지역을 빠져나와 들른 곳은 마라까냥 축구 경기장이다. 세계 최대 축구경기장으로 알려진 이 곳은 1950년 FIFA 월드컵을 위해 지어졌다. 당시 브라질은 우루과이에게 역전패를 당해 우승을 놓쳤는데 브라질인들은 이를 '마라까낭의 비극'이라고 불렀다. 가이드는 ""원래 브라질 축구팀을 상징하는 노란색으로 경기장을 칠하려고 했는데 우승팀인 우루과이 축구팀 상징인 파란색으로 칠했다""고 설명했다.8만석 규모의 관람석을 가진 이 경기장은 2014년 월드컵 결승전이 열렸던 곳이기도 하다. 지하철 2호선 역과 연결된 경기장은 경기가 없는 날에는 선수들이 워밍업을 한다고 해 들어가려고 했지만 허락되지 않았다.산타 테레사와 라파의 중간지역에는 다양하고 아름다운 타일로 장식된 계단이 있다. 주차공간도  없는 조그만 골목길을 간신히 비집고 들어가 차를 세운 후 계단에 도착하니 관광객과 노점상들로 인산인해다.'세라론의 계단'이라 불린 이 곳은 칠레 예술가 세라론(Selaron)이 다양한 색깔의 타일을 이용해 꾸민 계단으로 특유의 알록달록한 색감이 브라질과 잘 어울리는 곳이다. 총 215개의 계단에 2000여개의 타일을 붙였는데 자신에게 피난처를 제공해주었던 브라질에 감사의 표시로 작업을 시작했다고 한다.1990년부터 진행해 2000년대 초반 리우데자네이루의 명물로 떠오르면서 세계 각국으로부터 다양한 타일을 기증받았다. 타일 중에는 세라론 자신의 사진이 들어간 타일도 있었다. 이 계단이 의미 있는 건 보잘 것 없던 계단이 한 작가의 손에 의해 명품이 됐고 지역경제를 살리는 일등 공신이 됐다는 것이다. 우리도 참고해볼 만한 아이디어다.리우데자네이루 해변 앞바다에는 '슈가로프(Sugar loaf)' 마운틴으로 알려진 멋진 바위산이 있다. 일명 '빵 산'이라고 불리는 이 산은 396m로 마치 설탕을 쌓은 것과 같은 모양이라 해서 '빵 지 아수까르'라는 이름이 붙었다. 육지부인 '우르까 언덕'(212m)과 '빵 지 아수까르' 정상부는 두 개의 케이블로 연결되어 있다.'빵 지 아수까르'에서 바라보는 리우데자네이루의 모습은 아름답기로 유명해 낮과 밤을 가리지 않고 관광객이 몰린다. 이곳에서는 아름다운 해안선과 5㎞에 이르는 백사장으로 유명한 코파카바나 해변도 보인다.코파카바나 해변에서는 조심해야 할 것이 있다. 카메라와 핸드폰을 노리는 좀도둑이 많다. 뿐만 아니다. 갑자기 밀려오는 파도에 낭패를 당할 수 있으니 조심해야 한다.저작권자(c) 오마이뉴스(시민기자), 무단 전재 및 재배포 금지여수넷통뉴스에도 송고합니다",브라질 빈민가 사진 찍었다가 가이드가 질겁
40,"얼굴에 환한 미소를 짓고 있는 9명의 간호사가 나란히 서서 찍은 사진 한 장이 화제다. 모두 불러온 배를 사랑스럽게 안고 있는 모습이다.미국 메인주 포틀랜드의 메인 메디컬 센터는 종합병원이다. 이 병원 산부인과는 요즘 아기를 맞기 위해 준비하고 있다. 그런데 이번엔 이 병원 간호사들이 환자다.사진의 주인공들은 메인 메디컬 센터에 근무하는 간호사들이다. 한 종합병원에서 같이 근무하는 간호사 9명이 동시에 임신해 출산을 앞두고 있다. 이들은 다음 달부터 오는 7월까지 줄줄이 출산이 예정되어 있다.그런데 놀라운 것은 이들 9명 간호사 모두 분만실에서 근무하고 있다는 사실이다. 자신들도 임신했지만, 모두 곧 아이 엄마가 될 산모들을 돕는 일을 하고 있다. 그런데 어떻게 같은 곳에서 근무하는 9명의 간호사가 이처럼 동시에 임신할 수 있을까? 우리나라 병원이라면 가능한 일일까?같은 곳에서 근무하는 간호사들이 이렇게 동시에 임신할 수 있는 이유는 서로서로 격려하는 문화 덕이라고 병원 관계자들은 말한다.에린 그르니에 간호사는 ""처음 임신한 간호사가 '나 임신했다'고 말했고, 간호사 한 명씩 '임신했다'는 말을 할 때마다 이는 매번 행복한 발표였고, 그 기쁨은 더 커졌던 것 같아요.""라고 말했다.그녀는 ""우리는 때로는 환자 입장이 된 적도 있고, 때로는 간호사 입장에서 서로를 위해 일을 했어요. 그래서 서로 메시지를 주고받고 모든 게 괜찮은지 안부를 챙기고, 그렇게 곁에 있어 준다는 것이 매우 좋습니다.""라며 환한 웃음을 지어 보였다.니콜 콜드버그 간호사도 ""한 명씩 임신 소식을 전할 때 우리 사이에 공통점이 있다는 것을 알게 됐고, 또 임신 사실에 대해서도 편한 마음을 가지고 있었죠""라며 ""지극히 당연한 얘기겠지만, 우리는 서로가 어떤 과정을 겪는지 잘 이해하고 있습니다.""라고 말했다.또 다른 간호사는 한 지역방송 뉴스에서 이들 여성은 임신하기 전부터 친구였었다며 이번에 이런 모험을 함께하게 돼 매우 신이 난다고 전했다. 또 다른 간호사는 모두가 임신했다는 사실을 말했을 때를 회상하면서 그때는 정말 ""우와!""라고 밖에 할 말이 없었다고 전했다.이들 임신 간호사들의 사연이 세상에 알려진 것은 메인 메디컬 센터가 공식 폐이스북에 사진과 함께 사연을 올렸기 때문이다. '이런 베이비 붐은 어떤가요?'라는 제목에 ""9명의 우리 간호사들은 4월과 7월 사이 출산 예정입니다! 축하해요!""라고 쓰여 있다.로니 소우시 간호사는 ""처음에는 몰랐는데, 사진을 찍은 것이 소셜 미디어에 올라가고 많은 관심을 받은 뒤에야 저희는 '이야~ 장난이 아니구나!' 했죠""물론 이들 모두가 처음으로 임신한 것은 아니다. 레이첼 스텔맥 간호사는 4번째 임신이라고 한다.레이첼은 ""임신이나 출산과 관련한 궁금증이나 문제 해결에 대해 간호사들끼리 얘기를 나눌 수 있어서 좋습니다. 전 임신에 대해서는 프로거든요.""라고 말한다.9명의 간호사는 출산 이후에도 계속 서로를 돕고 격려할 것으로 보인다.간호사들은 ""이 모든 아기와 먼저 낳은 부모들의 아이들을 합하면 미식축구팀을 만들 수도 있겠다.""라고 농담을 하기도 했다.홀리 셀비 간호사는 ""저희는 아이들을 같이 양육할까 생각 중입니다. 서로 친구가 되게 하고 놀게 하고 아이들에 대한 지원을 같이 하며 우리의 경험을 나눌 거예요.""라고 밝혔다.우리나라 병원 간호사들의 근무 환경이나 임신 여건을 생각할 때 정말 부럽다.미국 병원 간호사들의 '베이비 붐'은 이번이 특별한 일이 아니다. 지난해 7월, 미국 애리조나주에 있는 배너 데저트 메디컬 센터의 집중치료 간호사 16명이 동시에 임신한 적이 있었고, 또 오하이오주의 한 병원에서도 5명의 간호사가 임신한 사실이 있다.이번에 동시 임신을 한 9명의 간호사가 근무하는 분만실에만 80명의 간호사가 일하고 있다. 메인 메디컬 센터 측은 임신한 9명의 간호사가 출산휴가 동안 빈자리를 메울 준비를 이미 확실하게 마쳤다고 전했다.최동혁 기자 (vivadong@kbs.co.kr)","[특파원리포트] 같은 분만실 간호사 9명, 동시 임신…“서로를 격려하는 문화 덕”"
41,"[뉴스데스크]◀ 앵커 ▶대통령이 둘인 나라, 쓰레기 통에 돈이 수북하게 버려져있지만 국민들은 정작 돈 대신 음식을 뒤지고 있는 나라.한 때는 남미의 부국이던 베네수엘라의 요즘 얘깁니다.세계에서 원유 매장량이 가장 많지만 이제는 전국적인 정전이 일어날 정도로 극심한 경제난을 겪고 있는데요.대체 베네수엘라에 무슨 일이 일어난 건지, 국제팀 윤효정 기자가 자세히 보도합니다.◀ 리포트 ▶보신 것처럼 베네수엘라는 경제위기로 먹고 살기도 힘든데 정치적 혼란까지 겪고 있습니다.한 나라에서 두 사람이 대통령이라고 나서는 상황.시작은 이렇습니다.2013년 처음 대통령이 된 니콜라스 마두로 대통령이 지난해 재선에 성공했고 올 1월 취임했습니다.그런데 후안 과이도 국회의장이 이를 인정하지 않고 스스로 대통령을 자처하고 나섰습니다.선거 당시 마두로 대통령이 유력한 경쟁 후보들을 가택연금이나 수감시켜 선거에 나서지 못하게 했기 때문에 부정선거라는 겁니다.베네수엘라 국민 72%가 마두로 대통령 퇴진운동을 지지할 정도로 과이도 국회의장은 힘을 얻고 있습니다.그러면 베네수엘라 국민들이 정치적으로 이 문제를 심각하게 받아들여서 이렇게 대통령 퇴진을 요구하고 있느냐, 사실 그 보다는 나라 살림이 어려워서, 먹고 사는 문제가 해결되지 않아서로보는 시각이 많습니다.지난해 실시한 조사를 보면 조사 대상의 61%가 돈이 없어서 저녁을 굶는다, 그리고 성인 평균 몸무게가 2015년에 비해 11킬로그램이나 줄었다고 나왔습니다.한때 베네수엘라는 남미에서 가장 잘 살던 나라였습니다.원유 매장량이 전 세계에서 가장 많은 국가, 전 세계 원유의 4분의 1이 여기에 매장돼 있습니다.원유 가격이 높을 때는 원유를 수출해 번 돈으로 복지 정책도 펼치고 좋은 물건들도 수입해서 쓰면서 국민들 생활도 제법 윤택했습니다.그런데 최근 국제유가가 많이 떨어졌습니다.주머니가 비기 시작하면 돈을 아껴야 하는데 베네수엘라 정부는 돈을 찍어내는 방법을 택합니다.돈이 필요하면 찍어내고, 필요하면 또 찍어내고 하다 보니까 천원하던 커피 한잔이 350만원까지 오르는 이런 극심한 인플레이션을 겪게 된 겁니다.여기까지 보면 분명 베네수엘라 국내 문제인 것 같은데 최근 점점 국제문제화 되고 있는 양상을좀 더 짚어보겠습니다.[도널드 프럼트/미국 대통령]""지금 (베네수엘라 국민들에게 꼭 필요한 인도주의적 물자) 수백 톤을 실은 트럭들이 국경에 있습니다""[화춘잉/중국 외교부 대변인]""다른 나라의 (내정에 간섭하는 것을 반대)합니다""그런데 이건 외교적인 얘기이고 진짜 속내는 이렇습니다.베네수엘라는 전통적인 반미 국가입니다.미국 입장에선 베네수엘라가 자신들의 턱밑에서 자꾸만 대립각을 세우니 미국과 친한 과이도 의장에게 힘을 실어줘서 이번 기회에 확실하게 친미 정권으로 바꾸고 싶을 겁니다.석유산업을 국유화 하면서 미국 석유기업들이 다 �i겨났는데 개발에 다시 참여도 하고 싶을 거고요.반면 중국과 러시아는 베네수엘라가 미국과 친해지는 게 달가울 리도 없고 넘치는 자원 역시 탐날 수 밖에 없습니다.혼돈을 틈탄 내부의 권력 다툼.그를 둘러싼 각국의 손익 계산.베네수엘라 국민들의 고통은 언제 끝날지 아직은 끝이 보이지 않습니다.MBC뉴스 윤효정입니다.윤효정 기자 (elf@imbc.com)[저작권자(c) MBC (http://imnews.imbc.com) 무단복제-재배포 금지]Copyright(c) Since 1996,&All rights reserved.",커피 1잔 350만 원…'대통령 2명' 베네수엘라 추락 어디까지
42,"중국에서 주운 지갑을 주인에게 돌려주자 지갑 주인이 아이 병원비에 쓰라며 50만위안(8453만원)을 쾌척한 사연이 알려졌다.28일 베이징청년보에 따르면 산둥성 지난시에 사는 탕샤오롱씨는 두 살짜리 아이의 골수이식 수술을 위해 병원생활을 하고 있다. 이 수술에 드는 비용은 40만위안(6762만원)이다.그는 최근 병원 주변에서 지갑 하나를 주웠다. 지갑에는 2만위안(338만원)의 현금과 신용카드, 운전면허 등이 들어있었다. 탕씨는 아이 병원비에 보태고 싶어 갈등하던 순간 지갑 주인도 본인처럼 병원비 때문에 고민할 수도 있겠다는 생각이 들었다. 탕씨는 수소문 끝에 지갑 주인을 찾아 지갑을 돌려줬다. 지갑 주인은 딩이롱씨로 보상을 제안했으나 탕씨는 사양했다.둘은 서로 연락하기로 하고 헤어졌다. 얼마 후 딩씨는 탕씨가 아이 병원비를 마련하기 위해 고군분투하고 있다는 사실을 알았다. 알고 보니 딩씨는 거물 야채상이었다. 그는 자신의 창고에 순무 200톤이 있으며 5월 이전까지 처리하지 못하면 값이 떨어지기 때문에 순무 200톤을 탕씨에게 기증하겠다고 제안했다.이같은 사연이 지방신문에 실리자 다음날 순무 200톤이 모두 팔렸다. 순무 판매대금은 50만위안(8453만원). 아이의 수술비를 충분히 댈 수 있는 돈을 벌게 된 것이다.이같은 사연이 알려지자 중국 누리꾼들은 ""정직함은 언젠가 보상을 받는다"" 등의 반응을 보이고 있다고 베이징청년보는 전했다.김지혜 기자 kim.jihye6@joongang.co.kr▶▶ⓒ중앙일보(https://joongang.co.kr), 무단 전재 및 재배포 금지",300만원 든 지갑 찾아줬더니 8000만원 보상받은 사연
43,"이탈리아에서 태어난 지 5개월 된 아기가 집에서 불법 포경 수술을 받다가 숨지는 끔찍한 사고가 일어났다.영국 BBC는 지난 22일 이탈리아 볼로냐 병원 중환자실로 옮겨온 생후 5개월 남아가 입원한 지 얼마 지나지 않아 숨졌다고 밝혔다. 레지오 에밀리아 북부 지방 당국은 집에서 불법 포경 수술을 하다가 아이가 과다 출혈로 숨졌다고 보고 가나 출신 이민자로 밝혀진 아이의 부모를 조사하고 있다.이탈리아에서 자가 포경 수술을 하다가 아이가 숨진 경우는 이번이 처음이 아니다. 지난해 12월에도 로마 이주 센터에서 불법 포경 수술을 받던 어린이가 숨지는 사건이 있었다. 건강 자선단체 '암시'에 따르면 이탈리아에서는 매년 5,000건 정도의 포경수술이 행해지는데 이 가운데 1/3은 불법 수술이다.이탈리아는 가톨릭 국가이기 때문에 공공 의료기관에서 포경수술이 금지된다. 따라서 포경 수술을 하는 아이들은 값비싼 사립 병원으로 향해야 하고 이 때문에 돈을 아끼려고 불법으로 포경수술을 하는 이민자들이 늘어나고 있다.포경수술은 보통 성장한 뒤에도 성기에 비정상적으로 단단한 포피가 있거나 유착 증상이 있는 경우 집도하지만 일부 문화권의 경우 포경 수술을 의무로 생각해 신생아에게도 행하는 경우가 있다.영국 언론은 포경수술은 비교적 간단한 수술이지만 위험할 수 있으므로 반드시 전문 의료인이 해야 한다고 당부했다.YTN PLUS 정윤주 기자(younju@ytnplus.co.kr)[저작권자(c) YTN & YTN PLUS 무단전재 및 재배포 금지]","伊, 집에서 불법 포경수술 받던 5개월 남아 과다 출혈로 사망"
44,"(서울=뉴스1) 박형기 기자 = 중국에서 주운 지갑을 주인에게 돌려주자 지갑 주인이 아이 병원비에 쓰라며 50만 위안(8453만원)을 쾌척해 훈훈한 미담사례가 되고 있다고 베이징청년보가 28일 보도했다.산둥성 지난시에 사는 탕샤오롱씨는 두 살짜리 아이의 골수이식 수술을 위해 병원생활을 하고 있다. 골수 이식 수술에 들어가는 비용은 40만위안(6762만원)이다.그는 최근 병원 주변에서 지갑을 하나 주었다. 지갑에는 2만 위안(338만원)의 현금과 신용카드, 운전면허 등이 들어 있었다.탕씨는 아이의 병원비에 보태 쓰려는 생각은 하던 순간, 이 사람도 나와 똑같이 병원비 때문에 고민할 수도 있겠다는 생각이 들었다.탕씨는 수소문 끝에 지갑의 주인을 찾아 지갑을 돌려주었다. 지갑 주인은 딩이롱씨로 보상을 제안했으나 탕씨는 사양했다.둘은 서로 연락하기로 하고 헤어졌다. 그런데 얼마 후 딩씨는 탕씨가 아이 병원비를 마련하기 위해 고군분투하고 있다는 사실을 알았다.알고 보니 딩씨는 거물 야채상이었다. 그는 자신의 창고에 순무 200톤이 있으며, 어차피 5월 이전까지 처리하지 못하면 값이 떨어지기 때문에 순무 200톤을 탕씨에게 기증하겠다고 제안했다.이 같은 사연이 지방신문에 실리자 다음날 순무 200톤이 모두 팔렸다. 순무 판매대금은 50만 위안(8453만원)이었다. 이는 아이의 수술비를 충분히 댈 수 있는 돈이었다.이같은 사연이 알려지자 중국의 누리꾼들은 “정직함은 언젠가는 보상을 받는다” 등의 댓글을 달며 환호하고 있다고 베이징청년보는 전했다.sinopark@news1.kr","""병원비 쓰세요""…300만원 지갑 찾아줬더니 8천만원 보상"
45,"백인 남성에 대한 동양 여성의 성적 판타지를 묘사한 것으로 보이는 독일의 한 온라인 광고가 한국에서 인종차별 논란을 일으키고 있다고 AFP 통신이 28일 서울발로 보도했다. 광고를 보고 분노한 많은 여성들은 광고 삭제는 물론 제작사의 사과를 요구하고 있다.독일 대형 유통업체인 혼바흐(Hornbach)가 제작한 이 광고 내용은 이렇다. 정원에서 일하던 백인 남성이 흙과 땀으로 범벅이 된 속옷을 상자에 넣는다. 이 속옷은 진공 포장되어 일본 도쿄를 연상시키는 아시아 대도시 자판기에서 판매된다.자판기에서 속옷을 꺼낸 아시아 여성은 속옷 냄새를 맡고 황홀해하는 표정을 짓는다. 이 때 ""이것이 봄의 냄새""라는 자막이 흐르며 광고는 끝이 난다.보기에 따라 동양 여성이 백인 남성에게 성적인 판타지를 갖고 있다는 고정관념을 주입시킬 수 있는 내용인 셈이다.광고를 본 네티즌들은 혼바흐 측에게 광고 삭제와 사과를 요구하는 온라인 청원 운동을 전개하고 있다. 28일 오후 기준 1,000명 이상이 이 청원에 서명했다고 AFP는 전했다.혼바흐 측은 ""해당 광고기 인종차별적 내용을 담지 않았다""며 ""도시 삶의 질이 얼마나 나쁜지를 보여주려는 의도였다""고 설명했다. 또 여성이 나오는 장면에 담긴 도시 역시 특정 도시가 아니라, 상상의 도시일 뿐이라고 덧붙였다. 즉 광고에 등장하는 백인 남성은 '자연'을, 동양 여성은 '도시인'을 상징한다는 얘기다.이 같은 해명에도 불구하고 논란은 가라앉지 않고 있다. 한 한국인 여성은 트위터에 ""혼바흐측이 뭐라고 설명했던 간에 이 광고는 부적절했다""고 비판했다.조영빈 기자",‘백인남성 속옷 냄새 맡는 동양여성’ 독일 광고 한국서 논란
46,"베트남 하노이 2차 북·미 정상회담 결렬 이후 도널드 트럼프 미국 행정부 내에서 서훈(사진)국가정보원장에 대한 회의론이 강하게 일고 있는 것으로 알려졌다. 남북 대화를 물밑에서 이끌며 지난해 한반도에 조성된 평화 무드에 크게 기여했던 서훈 원장의 입지가 축소될 가능성을 배제할 수 없다.익명을 요구한 워싱턴의 외교 소식통은 27일(현지시간) “일부 트럼프 행정부 당국자들이 서 원장에 대해 회의론을 제기하고 있다”고 말했다. 이 소식통은 “서 원장이 대북 제재와 관련해 북한 입장을 전달하면서 미국의 양보만 요구한다는 불만이 있는 것으로 안다”면서 “미국 정부 당국자들은 서 원장이 공식·비공식 채널로 전해주는 북한 관련 정보도 미국이 직접 북한과 접촉한 결과와 괴리감이 있는 것으로 판단하고 있다”고 말했다.트럼프 행정부의 일부 관리들 사이에선 서 원장이 북한의 비핵화 의지를 지나치게 낙관적으로 보는 것이 아니냐는 비판론이 제기되는 것으로 알려졌다. 또 개성공단·금강산 관광 재개, 남북 철도·도로 연결 공사 등 남북 경제협력 사업과 관련해 대북 제재 예외를 요구하면서 미국 입장에선 수용하기 힘든 요구만 한다는 주장도 나온다. 서 원장에 대한 미 정부의 기류가 확연히 달라진 것은 이런 판단 때문으로 보인다. 그동안 트럼프 행정부는 한반도 정세를 대화 모드로 전환시킨 일등공신으로 서 원장을 꼽아왔지만, 하노이 정상회담 결렬 이후 분위기가 바뀌었다는 것이다.서 원장은 그동안 남·북·미 3자 관계를 조율하는 막후 해결사 역할을 해왔다. 올해에만 두 차례나 서 원장이 극비리에 미국을 방문해 지나 해스펠 CIA 국장을 만났다는 얘기가 기정사실처럼 흘러나왔다. 그러나 하노이 결렬 이후 북핵 협상이 다시 교착 국면에 빠지자 온건파인 서 원장에게도 책임론이 번지는 상황이 발생했다. 하지만 미국이 ‘남탓’을 하며 서 원장을 흠집 낸다는 비판도 있다.남·북·미 3자 간 메신저 역할을 했던 서 원장의 영향력이 줄어든다면 북한 비핵화 협상을 둘러싼 대화 채널에도 변화가 예상된다. 국정원과 북한의 통일전선부, 미 중앙정보국(CIA) 간 막후 정보라인 역할은 크게 약화될 것으로 전망된다. 그러나 트럼프 대통령이 대북 추가 제재에 분명한 반대 입장을 취하면서 대표적인 대화파인 서 원장의 파워가 약해지지 않을 것이라는 반론도 있다.서 원장의 입지가 축소될 경우 북핵 협상의 주도권을 청와대와 백악관이 완전히 장악할 것으로 예상된다. 트럼프 대통령은 ‘슈퍼 매파’ 참모들을 배제하고 자신이 북핵 협상을 주도할 것임을 분명히 했다. 한국에서도 청와대의 역할이 확대될 수밖에 없는 이유다. 미국 측에선 서 원장의 공백을 메울 인물로 김현종 청와대 국가안보실 2차장을 주목하는 것으로 알려졌다. 두 차례나 한·미 자유무역협정(FTA) 협상을 이끌었고, 청와대에서 북한 비핵화 업무까지 떠맡게 된 김 차장이 한·미의 새로운 조율사로 부상할지 여부에도 관심이 쏠린다.워싱턴=하윤해 특파원  justice@kmib.co.krGoodNews paper ⓒ, 무단전재 및 재배포금지","[단독] “북 입장 전달하며 양보만 요구” 미 행정부 내, ‘서훈 회의론’ 확산"
47,"일본 정부가 이달 초 공해상(公海上)에서 북한 선박이 환적(換積·운송 중인 화물을 다른 운송수단에 옮겨 싣는 것)한 것으로 의심되는 현장을 확인했다고 28일 밝혔다. 일본은 유엔 안전보장이사회 대북제재위원회에 이런 사실을 알렸다.일본 외무성은 이날 홈페이지에 지난 2일 동중국해 공해상에서 북한 유조선 ‘새별(SAEBYOL)호’와 선적(船籍)을 알 수 없는 소형 선박이 함께 다가오는 것을 해상자위대 보급함이 확인했다는 내용의 글과 사진을 게재했다. 새별호는 2016년 3월 유엔 안보리가 자산 동결한 선박이다.두 선박이 야간에 조명을 밝히고 호스를 연결했다는 점에서 어떠한 작업을 했을 가능성이 있다고 일본 당국은 지적했다. 그러면서 ""정부가 종합적으로 판단한 결과 유엔 안보리 결의에서 금지하는 환적을 했던 것으로 강하게 의심된다""고 했다. 불법 해상 환적은 안보리 제재 결의에 따라 수입이 제한된 유류를 확보하기 위해 북한이 대표적으로 우회하는 수법이다.일본 외무성은 이를 유엔 안보리 대북제재위 전문가 패널에 통보하고 관련국과 정보를 공유하고 있다고 밝혔다.[이다비 기자]- Copyrights ⓒ 조선일보 & chosun.com, 무단 전재 및 재배포 금지 -[][][]",日 정부 “北 선박 불법 환적 현장 발견…안보리 통보”
48,"지난해 11월 미국 중간선거에서 당선된 아야나 프레슬리(45·메사추세츠) 민주당 하원의원이 승리연설에서 농담처럼 던진 질문이자 선언입니다. 프레슬리는 ‘블레이즈 헤어’, 일명 레게머리를 하고 워싱턴에 진출한 흑인 여성입니다.흑인 정치인은 더 이상 낯선 존재가 아니지만, 고위직 흑인들 사이에서 길게 땋은 머리인 레게머리 혹은 흑인 본연의 곱슬머리인 아프로헤어는 금기시돼 왔습니다. 지저분하고 프로페셔널해 보이지 않는다는 인식 때문입니다.이 때문에 버락 오바마 전 통령의 부인 미셸 오바마도 남편이 퇴임한 후인 지난해 11월에서야 처음으로 자신의 본래 머리인 곱슬머리를 화보를 통해 공개했습니다. 작가 치마만다 아디치에는 심지어 “미셸이 자연스러운 머리를 유지했다면 오바마가 대통령에 당선될 수 없었을 것”이라고 말했습니다.그럼에도 프레슬리는 “이 머리를 했을 때 진정한 내가 됐다는 느낌을 받는다”며 본연의 머리 스타일을 고수하는 이유를 설명했습니다. 있는 듯 없는 듯 드러나지 않았던 차별. 이번 [고보면모있는기한계뉴스-]에서는 흑인들의 곱슬곱슬한 머리카락을 둘러싼 정체성 싸움 이야기를 들려드립니다.아프로헤어나 땋은 머리는 이미 미국에서 대중화됐지만 이에 대한 차별은 여전합니다. 레게머리를 한 뉴스 앵커를 상상해보셨나요? 미시시피주 지역방송 WJTV의 앵커 브리타니 노블-존스는 지난달 머리스타일 때문에 차별 당한 경험을 인스타그램에 공개했습니다.평소 곱슬머리를 편 채 방송을 했던 이 앵커는 출산 후 자신의 아이에게 본연의 머리를 보여주고 싶다며 상사에게 더 이상 머리를 펴지 않겠다고 말했습니다. 그러자 회사 측에선 “그런 머리를 하면 전문적으로 보이지 않는다”며 만류했다고 합니다. 이런 미국 내 문화에 대해 타임지는 “흑인 머리에 대한 혐오가 무시를 넘어섰다”고 보도하기도 했습니다.최근 미국에선 이 같은 편견을 깨려는 움직임이 일고 있습니다. 지난달 20일 뉴욕시 인권위원회가 직장이나 학교에서 헤어스타일로 인한 차별을 금지하는 지침을 발표한 겁니다. 레게머리나 아프로헤어를 허용하지 않는 직장이나 기관은 앞으로는 벌금으로 최대 25만 달러(2억 8300만원)를 내야 합니다.지침서를 만드는 데 참여한 브리트니 선더스는 “사회생활을 시작하고 늘 화학적인 방법으로 머리를 펴야 했다”며 “회사에서 내가 생머리로 출근하는 걸 원한다고 이해했다”고 고백하기도 했습니다. 뉴욕타임스(NYT)는 “지난 몇 년간 흑인 학생들은 머리카락 때문에 학교에서 벌칙을 받거나 집으로 다시 돌아가야만 했다”고 전했습니다.미국 내 흑인 헤어 산업 규모는 25억 달러(약 2조 8300억원)에 달합니다. 많은 흑인 여성들이 곱슬머리를 가리고 긴 생머리를 갖기 위해 본드로 가발을 붙이거나 매일 아침 고데기로 머리를 펴기 때문이죠. 하지만 머리를 붙이는 과정에서 본드 성분 때문에 두피나 시력이 손상되는 일도 자주 발생합니다.지난해엔 이 같은 흑인 여성의 고충을 담은 영화 ‘어느 날 인생이 엉켰다’(Nappily Ever After)가 넷플릭스에 공개되기도 했습니다. 어릴 때부터 생머리를 갖기 위해 매일 노력을 기울였던 흑인 여성이 삭발하고 심리적 해방감을 얻는다는 내용입니다. 올해엔 흑인 소녀의 머리 스타일에 관한 단편 애니메이션 ‘헤어 러브(Hair Love)’도 개봉할 예정입니다.최근에는 미국에서 활동하는 흑인 모델과 배우들이 흑인 머리를 전문적으로 만질 수 있는 스타일리스트가 필요하다며 소셜네트워크서비스(SNS)에서 해시태그 ‘#ActingWhileBlack’ 캠페인도 벌이고 있습니다.이 운동은 지난 8일 나이지리아 출신 모델 올리비아 아나키가 런웨이에 오르기 전 자신의 머리를 만질 수 있는 스타일리스트가 없어 당황했던 경험을 공유하면서 시작됐습니다. 흑인들의 모발은 백인에 비해 곱슬거리고 굵지만 이들의 머리를 전문적으로 다룰 수 있는 스타일리스트는 적다는 겁니다. 배우 야히아 압둘 마틴 2세, 이벳 니콜 브라운도 이에 공감하며 동참했습니다.이같은 움직임은 백인에게 맞춰진 미적 기준에서 벗어난다는 점에서 흑인판 탈코르셋이자 흑인해방으로도 여겨집니다. 프레슬리는 “흑인 여성이 하는 모든 것은 정치적이다. 머리스타일에 관한 논쟁도 끝나지 않았다”고 밝혔습니다. 또 흑인의 정체성을 존중하는 동시에 고위직 내 다양성을 보장한다는 측면에서 긍정적으로 평가되고 있습니다.전문가들은 레게머리나 아프로헤어를 고수하는 고위직 흑인 여성들의 선례가 미국 사회에 변화를 이끌 수 있다고 말합니다. 차움토리 허그 뉴욕시립대 로스쿨 교수는 “프레슬리 의원이나 스테이시 에이브람스 조지아 주지사처럼 고위직 흑인 여성들이 자신들의 본래 머리모양, 혹은 레게머리를 선택할수록 우리는 긍정적인 문화 변화를 볼 수 있을 것”이라고 말했습니다.위 사진에서 볼 수 있듯 과거 흑인 여성 정치인들은 대부분 본연의 곱슬머리를 감추고 머리를 폈습니다. ‘레게머리’ 프레슬리의 용기있는 첫 걸음이 앞으로 미국 사회에 어떤 변화를 가져오게 될까요.김지아 기자 kim.jia@joongang.co.kr▶▶ⓒ중앙일보(https://joongang.co.kr), 무단 전재 및 재배포 금지",미셸도 곱슬머리 공개···'헤어 해방' 나선 고위직 흑인들
49,"[앵커]미국 정부의 외교, 군사 핵심 인사들이 상, 하원 청문회에서 북한 비핵화 의지에 일제히 의구심을 표시하며, 북한을 향한 압박을 지속하겠다는 뜻을 밝혔습니다. "" 미국은 그동안 북한에 충분히 속았다. "" 압박을 너무 빨리 풀어주면 우리를 다시 시작점으로 되돌려 놓을 것이다"" 라는 말도 나왔습니다.송지욱 기자가 보도합니다.[리포트]미 하원 군사위 청문회에 나온 에이브럼스 주한미군사령관은 북한의 핵과 미사일 활동이 비핵화와 모순된다고 밝혔습니다.로버트 에이브럼스 / 주한미군사령관""우리가 관찰한 그들의 활동은 비핵화와 부합하지 않습니다.""긴장 완화에도 북한의 병력과 준비 태세에 지난해와 차이가 거의 없다고 판단했습니다.로버트 에이브럼스""북한의 군사적 역량에 있어서 검증 가능한 변화는 거의 없습니다.""스틸웰 국무부 동아태 차관보 지명자는 상원 인준 청문회에서 미국이 북한에 충분히 속아왔다고 지적했습니다.데이비드 스틸웰 / 미 국무부 동아태 차관보 지명자""우리는 북한에 충분히 속아왔습니다. 꾸준한 압박은 계속 효력을 발휘할 것입니다.""또 제재를 너무 일찍 풀면 다시 원점으로 되돌릴 것이라고 말했습니다.폼페이오 미 국무장관도 하원 외교위 청문회에서 북한의 핵역량 감소 움직임은 아직 없다며, 제재 유지 방침을 재확인했습니다.앞서 상원 외교위 대북정책 청문회에 나온 빅터 차 미 전략국제문제연구소 한국석좌는 ""문재인 대통령의 목표는 통일이 아닌 1국 2체제, 즉 연방제""라고 주장하고 ""대북 협상의 핵심 지렛대는 경제 제재""라고 강조했습니다.TV조선 송지욱입니다.* 뉴스제보 : 이메일(tvchosun@chosun.com), 카카오톡(tv조선제보), 전화(1661-0190)송지욱 기자(jiuksong@chosun.com)- Copyrights ⓒ TV조선. 무단전재 및 재배포 금지 -","""北에 충분히 속았다""…美 청문회 '제재 강화' 한목소리 "
50,"배우 윤균상(32)의 고양이가 ‘헤어볼’(hairball·고양이가 삼킨 털이 소화기관에서 뭉쳐진 것) 때문에 눈을 감았다. 헤어볼을 예방하는 방법에는 어떤 것들이 있을까.책 ‘고양이 기르기’에 따르면 매우 깔끔한 동물에 속하는 고양이는 스스로 몸단장(self grooming)을 하는 데 상당한 시간을 투자한다. 깨어 있는 시간의 상당부분을 몸을 핥아 깨끗하고 가지런한 털을 가꾸는 데에 투자한다.고양이는 깔깔한 돌기가 있는 혀를 이용해 털을 핥는다. 이 과정에서 고양이는 많은 양의 털을 삼키게 된다.고양이가 삼킨 털의 일부는 장을 통과해 변과 함께 배설되지만 일부는 장내에 남아 축적된다. 이렇게 소화기관 속에서 털들이 뭉쳐진 것을 ‘헤어볼’이라고 부른다. ‘모구’라고도 한다.특히 윤균상의 경우처럼 고양이를 여러 마리 키우는 집에서는 고양이들이 서로의 털을 다듬어주면서 더욱 많은 털을 삼키게 된다.고양이는 헤어볼을 토해낼 수 있지만, 간혹 헤어볼이 장내에 남아 변비를 일으키거나 식욕을 떨어뜨리게 만들기도 한다. 윤균상의 고양이는 헤어볼을 토해내는 과정에 폐에 토사물이 들어가 폐렴이 왔다.시중에는 고양이의 털이 장 속에서 뭉쳐져 헤어볼이 되기 전에 빠져나오도록 돕는 제품들이 판매되고 있다.건조사료에 섬유질을 첨가해 헤어볼 형성을 방지하고 변으로 빠져나오도록 돕는 상품이 있고, 간식처럼 짜서 먹이는 겔타입의 헤어볼 예방 및 제거제도 있다.다만 헤어볼 방지 관련제품은 어린 고양이에게는 큰 효과가 없다. 오히려 구토를 유발하게 돼 제품을 일찍 먹이는 건 삼가고, 전문가에게 문의하는 게 좋다.고양이풀(cat grass)을 길러 고양이가 먹게 하는 것도 한 가지 방법이다. 고양이풀은 섬유질을 보충해주면서 삼킨 털의 배설을 도울 뿐만 아니라 변비에도 좋다. 고양이의 기분전환에도 도움이 된다.자주 빗질해 빠진 털을 미리 제거해주는 것도 헤어볼 예방에 도움이 된다.한편, 윤균상은 28일 인스타그램을 통해 “3월 27일 6시경. 저희집 막둥이 (반려묘) 솜이가 무지개 다리를 건넜다”면서 “헤어볼을 토해내는 과정에 폐에 토사물이 들어가 폐렴이 왔다”고 설명했다.이어 윤균상은 “좀 나아지는 듯 했으나 사진을 찍었는데 폐수가 차는 게 보였다”며 “복막염인 듯해 확진을 위한 검사를 진행하는 도중에 많이 힘들었는지 서둘러 떠나버렸다”고 덧붙였다.그러면서 윤균상은 “너무 서둘러가는 바람에 마지막 떠나는 모습은 보지 못하고. 눈물 속에 인사하고 보내주게 되었다”며 “글로 쓰다 보니 부족한 부분이 많지만 뭐 하나 늦은 대처나 실수는 없었고, 최선을 다해준 병원에도 고개 숙여 감사인사를 전한다”고 밝혔다.끝으로 윤균상은 “아무도 이별을 생각하고, 만남을 시작하지는 않는다. 글을 쓰면서도 눈물이 나고 머리가 깨지고 가슴이 불타는 기분”이라며 “반려동물. 호기심과 이기적인 욕심으로 분양 받지 마시길 제발 다시 한번 부탁드린다”고 강조했다.정봉오 동아닷컴 기자 bong087@donga.comⓒ 동아일보 & donga.com, 무단 전재 및 재배포 금지",윤균상 고양이 죽음 원인 ‘헤어볼’ 예방은?…‘빗질+고양이풀’ 도움
51,"[서울신문 나우뉴스]우리 주위에서도 쉽게 볼 법한 다양한 모양의 조약돌이 널려있는 이곳은 어디일까?최근 미 항공우주국(NASA)은 탐사로봇 큐리오시티가 촬영한 화성 표면에서 촬영한 돌 사진을 홈페이지에 공개했다. 마치 지구 강바닥에 놓여있는 것으로 착각할 만큼 화성의 돌도 지구의 것과 매우 유사하다. 다만 작은 바위의 경우 색상이 지구에 비해 다소 창백해 보인다는 것이 NASA의 설명.특히 사진 속에는 흔한 돌 사이에 공처럼 거의 완벽한 구형(球形)으로 보이는 작은 돌들도 보인다. 마치 누군가 인위적으로 만들어 놓은 듯한 모습 때문에 이 돌은 한때 소위 외계인을 믿는 사람들에게는 좋은 '떡밥'이 되기도 했다. 전문가들이 '블루베리'라 부르는 이 돌은 자연 현상이 만들어 낸 결과물이다. 암석 내부에 수분이 결집되고 바깥으로 잔잔한 바람과 자연적인 과정을 통해 침식되며 형성된 것. 곧 이 지역에 오래 전 물이 있었을 가능성을 추측할 수 있는 대목이다.NASA 측은 ""이 이미지는 지난 24일 큐리오시티의 팔 끝에 달린 소형카메라 ‘MAHLI’(Mars Hand Lens Imager)로 촬영한 것""이라며 ""지구와 화성은 머나먼 거리지만 매우 유사하다는 것을 보여준다""고 밝혔다.한편 지난 2012년 8월 화성에 생명체가 있는지 호기심 해결을 위해 게일 크레이터 부근에 착륙한 큐리오시티는 7년 차인 올해에도 왕성한 탐사를 이어가고 있다. 큐리오시티는 현재 지난 1년 간 탐사해 온 베라 루빈 능선(Vera Rubin Ridge)을 벗어나 남쪽 지역인 클레이-베어링 유닛(clay-bearing unit)이라는 장소로 이동 중이다.박종익 기자 pji@seoul.co.kr★ []▶ [] []ⓒ 서울신문(www.seoul.co.kr), 무단전재 및 재배포금지",[우주를 보다] 지구 돌과 똑같네…큐리오시티가 포착한 화성 조약돌
52,"중국 스마트폰 제조사 샤오미에서 개발 중인 폴더블 스마트폰의 영상이 추가 공개됐다.지난 1월 말 샤오미 공동 창업자 중 린빈(林斌) 총재는 중국 소셜네트워크서비스 웨이보에 샤오미 폴더블 스마트폰의 영상을 공개한 바 있다. 이번에 추가 공개된 영상은 10초 가량 분량으로 화면을 넘긴 후 폴더블폰을 밖으로 접는 모습이 담겼다.'미 플렉스' 또는 '미 폴드'로 출시될 것으로 알려진 샤오미 폴더블폰은 양쪽 끝을 잡고 바깥쪽으로 접으면 일반 스마트폰 크기로 작아지는 더블 폴딩 방식이다.인도 IT 매체 iGyaan은 지난 18일 샤오미의 폴더블 스마트폰이 올해 4월~6월쯤에 출시되며 삼성전자 갤럭시 폴드의 약 절반 가격인 999달러(약 113만6562원)에 판매될 것이라고 전망했다.삼성전자의 폴더블폰 '갤럭시 폴드'는 5월 3일 유럽 15개국에서 출시된다. 출고가는 유럽에서 2000유로(약 256만원), 영국에서 1799파운드(약 269만원)으로 책정됐다.미국에서는 다음달 26일에 출시될 예정이다. 가격은 1980달러(약 224만원)로 책정됐다. 국내에서는 5G 버전이 5월 초나 중순쯤에 출시될 예정이다. 삼성전자는 갤럭시 폴드의 가격이 240만원 안팎이 될 것이라고 밝혔다.홍수민 기자 sumin@joongang.co.kr▶▶ⓒ중앙일보(https://joongang.co.kr), 무단 전재 및 재배포 금지","""샤오미 폴더블폰, 갤럭시 폴드 반값 전망"""
53,"삼성전자가 5월 출시 예정인 폴더블폰 '갤럭시 폴드'의 폴딩 테스트 동영상을 27일(현지시간) 공개하자 해외 반응이 뜨겁다.갤럭시 폴드에 탑재된 '인피니티 플렉스 디스플레이'의 내구성은 20만 번을 접었다 펴도 문제가 없는 것으로 알려졌지만 지난 2월 미국 샌프란시스코에서 첫 공개한 뒤 스페인 발로셀로나 MWC 2019에 전시된 일부 제품에서 우그러짐 현상이 있다는 의혹이 제기된 바 있다.20만 번의 폴딩 내구성은 매일 100회씩 5년 간 접었다 펴야해 이론적으로는 통상적인 스마트폰 또는 부품 사용 연한보다 높은 수준이다. 삼성은 유튜브와 글로벌 삼성 뉴스룸에 출시가 임박한 갤럭시 폴드 내구성 테스트 동영상을 공개했다.삼성은 최첨단 신뢰성 연구소(state-of-the-art reliability labs)에서 최종 출시 버전을 대상으로 20만 번을 접었다 펴는 가혹성 테스트를 진행했다. 경첩(힌지)에 전해지는 충격도 기준을 통과해야 한다.삼성은 ""갤럭시 폴드의 디자인에 있어 폴딩 테스트는 내구성 평가에 매우 중요한 요소""라며 ""20만 번의 유효 내구성 테스트를 진행하는데 1주일이 소요된다""고 밝혔다.영상은 공교롭게도 베일에 가려져 있던 갤럭시 폴드에 대한 궁금증을 해소하는데 어느정도 도움을 줬다. 논란이 됐던 주름에 대한 의혹도 확인할 수 있었다.갤럭시 폴드가 접히는 부위에는 미세한 주름이 생긴 것은 사실이었다. 다만 내구성 문제로 생기는 자글자글한 주름이 아니라 경첩과 맞닿는 부위가 접힐 수 있도록 미세한 공간이 만들어지면서 생기는 자연스러운 물리적 현상으로 보인다. 한편으론 이렇게 접는 것이 현 세대 플렉서블 디스플레이의 핵심 기술이기도 하다.A4 용지 두께는 약 0.1㎜로 반으로 완전히 접을 수 있지만 주름이 생긴다. 디스플레이의 두께와 특성을 생각하면 종이처럼 접기는 거의 불가능하다. 이때문에 갤럭시 폴드 가운데 쪽은 접힐때 약간의 유격이 발생한다. 모든 접히는 물건이나 책이 바깥쪽보다 접히는 안쪽이 좀 더 두꺼운 이유와 같다. 이또한 실제 손에 쥐었을때나 사용했을 때 디자인적으로 불편함을 주는 핵심 요인은 되지 않을 것으로 보인다.하지만 실제 사용을 하면서 물리적 환경에 따라 조건이 달라질 수는 있다. 아직 소비자 누구도 사용해보지 않은 제품이다. 갤럭시 폴드는 소비자들의 평가를 앞두고 있다.미국 최대 온라인 커뮤니티 레딧과 유튜브에는 공개 영상에 대한 반응도 뜨겁다.아이디 Funmax는 ""최상의 사용자 환경을 제공하기 위해 최고의 기기를 제작하는 방법""이라며 호응했고, Steve Goode는 ""많은 사람들이 싫어하는 것 같지만 나는 정말 원한다""고 말했다.wal does는 ""삼성이 말한대로 일반 사용자가 하루에 100~150번 접을 수 있고, 20만 번 접을 수 있기 때문에 약 5년간 완벽한 화면을 보장할 수 있다니 정말 대단하다""고 호응했다.하지만 처음으로 출시되는 폴더블폰에 대해 여전히 반신반의 하는 의견도 많았다.한 유저는 ""폴더블폰을 갖고싶지만 아직은 회의적이다. 적어도 2~3세대 제품이 나올때까지 기다려야 하지 않을까. 우선 갤럭시 폴드 출시 이후 평가를 들어봐야 할 것 같다""며 유보적 입장을 나타냈다.폴더블 디스플레이 주름 현상에 대한 의구심도 여전했다.mewt는 ""주름을 확인할 수 있는 디스플레이 중심의 배경색이 검정이어서 (정확히 볼 수 없다)...일단 테스트하고 있다는 것만 보자""라고 말했고, 또다른 유저는 ""밝은 배경이나 일반적인 사용환경에서는 잘 보이지 않겠지만 외부 광원에 비칠때 나타날 수 있을 것""이라고 예상하기도 했다.갤럭시 폴드는 4월 26일 사전예약을 시작으로 미국과 영국, 프랑스, 독일, 스페인 등 북미·유럽에 5월 3일 출시된다. 가격은 미국이 1980달러(약 224만원), 유럽은 2000유로(약 256만원)다.국내 출시는 5월 중순 예정으로 5G 모뎀이 탑재된 '갤럭시 폴드 5G'가 될 것으로 전해졌다.maxpress@cbs.co.kr저작권자 © CBS 노컷뉴스 무단전재 및 재배포 금지","갤럭시 폴드 '테스트 영상'에서 ""주름을 봤다"""
54,"[아시아경제 김종화 기자]지난 10일(현지시간) 에티오피아를 떠나 케냐로 향하던 에티오피아항공 소속 ET302편(B737) 여객기가 이륙 직후 추락해 승객과 승무원 157명이 모두 사망했습니다.사고 이후 추락 항공기와 같은 기종인 미국 보잉사의 'B737 MAX8' 항공기의 소프트웨어 결함 등 기체 결함 가능성이 높다는 주장들이 제기됐습니다. 이 기종은 지난해 10월29일 라이언에어 추락 사고와 동일한 기종입니다.사고 이후 5개월이 지나지 않은 시기에 다시 추락, 첫 기체를 인도한 지 22개월 만에 두 번의 대형 사고를 낸 것은 매우 심각한 문제이며, 기체결함에 대한 우려가 다시 증폭되고 있는 상황인 것이지요.세계 주요 국가들은 사고 이후 안전문제를 이유로 'B737 MAX8' 기종의 자국의 영공통과를 금지하는 등 이 기종 항공기에 대한 반발이 확산되고 있습니다. 캐나다는 이 기종의 운항과 자국내 영공통과를 금지시켰고, 인도네시아는 동일 기종의 영공통과 금지는 물론 영구 퇴출을 선언했습니다.이 사고 이후 한 독자께서 이메일을 보내 ""안전보다 중요한 것은 없는데 어디 추락하더라도 살 수 있도록 무슨 조치를 취해야 되는 것 아니냐""라면서 ""안전장치가 어떻게 돼 있기에 사고났다하면 200명, 300명이 전원사망인지 이해가 안된다""라고 비행기 추락사고에 대한 안타까운 마음을 전해왔습니다.이 독자는 또 ""비상탈출을 하든지, 기체속도를 늦춰서 안전착륙을 하든지....왜 비행기사고는 났다하면 전원사망인가요?""라고 문의하셨습니다.이 사고는 아직 정확한 사고원인이 밝혀지지 않았지만 '기체결함'으로 추정되고 있는 상황입니다. 동일 기종의 사고 이력 때문이지요. 이번 에티오피아항공처럼 추락하는 경우 탑승자들의 생존 확률은 어떨까요? 뉴스에서는 100% 사망으로 많이 보도됩니다. 그러나 보도되지 않은 여러 사고들의 통계를 보면 비행기 추락사고로 인한 생존확률은 상당히 높습니다.편에서 이에 대해 알려 드린 바 있고,편에서는 비행기에 낙하산을 설치할 수 없는 이유와 각종 안전장치에 대해 설명해 드린 바 있습니다.AP통신사가 몇 년전 미국 연방교통안전위원회(NTSB)의 사고 데이터를 분석한 자료에 따르면, 테러 등을 제외한 전세계 상업용 비행기 승객 1억명당 사망자 수는 약 2명에 불과합니다. 영국의 BBC는 2006년 10월 1983년부터 2000년까지 미국에서만 568대의 비행기가 추락했는데 이 비행기에 탔던 승객 5만3487명 중에서 5만1207명이 생존했다고 보도하기도 했습니다.비행기가 추락했는데 무려 95%가 살아 남은 것입니다. 2003년 미국 미시간대학 연구팀은 비행기를 탈 때 사고가 나서 사망할 확률은 자동차 사고의 65분의 1에 그친다고 밝혔습니다. 어디에, 어떤 식으로 추락하느냐에 따라 탑승객들의 생존확률이 달라지겠지요.비행기에 승객이 매고 뛰어내닐 수 있는 낙하산을 설치하지 않은 것은 중량 때문이기도 하지만, 낙하산을 매고 뛰어내릴 만큼 여유로운 상황 조성도 안될 것이고, 훈련받지 않은 승객이 낙하산으로 뛰어내린다고 해도 생존확률이 그다지 높기 않기 때문이기도 합니다. 문제는 사전 철저한 정비 등 안전에 대한 철저한 대비겠지요.다만, 이런 추락사고에 대비해 승객을 안전하게 대피시킬 수 있는 항공기 제작기술이 선보였던 적은 있습니다. 2015년 우크라이나 항공우주 공학자 블라디미르 타타렌코는 추락할 수밖에 없는 긴급 상황시 비행기 동체에서 객실이 통째로 분리되는 항공기를 설계해 특허를 출원했습니다.승객이 탑승하고 있는 객실이 캡슐처럼 비행기 동체에서 슬라이드 방식으로 미끄러지듯이 분리되고, 분리된 객실은 낙하산이 펼쳐져 지상이나 바다에 안전하게 착륙할 수 있으며, 수하물도 객실 밑 특수공간에 보관돼 비상탈출 이후에도 안전하게 되찾을 수 있도록 설계됐습니다.바다 위에서는 객실 바로 밑에 고무 튜브를 장착해 충격을 흡수하고 물 위에서 잘 떠 있을 수 있고, 지상에 착륙할 때는 낙하산이 기체 하강 속도를 늦추고 튜브가 쿠션기능을 해 충격을 완화시켜 준다고 합니다.지금의 비행기보다 훨씬 더 안전할까요? 인디펜던트지의 설문조사 결과에 따르면, 첨단 기술에 대해 지지 의견과 실용성이 떨어진다는 의견이 서로 갈렸다고 합니다. 특히 이전 비행기와 달리 분리형이어서 접합부와 부품을 사용하는 만큼 골조가 엄청나게 약하게 만들어질 것이라는 우려는 주목할 만한 부분입니다.타타렌코 씨가 실시한 설문지에 따르면 조사대상 승객의 95%가 더 비싸더라도 이 비행기를 타겠다는 의사를 보였다고 합니다. 그러나 이 비행기가 실제로 제작될 수 있을지는 미지수입니다. 앞서 지적한 '약한 프레임'에 대한 문제와 비싼 제작 비용 때문입니다. 'workcrazy' 독자님 궁금증이 좀 풀리셨나요?김종화 기자 justin@asiae.co.kr","[과학을읽다]""왜 비행기사고는 났다하면 전원 사망인가요?"""
55,"[아시아경제 이지은 인턴기자] 삼성전자 폴더블 스마트폰 ‘갤럭시폴드’의 디스플레이 중간에 주름이 나타나는 현상을 담은 영상이 공개돼 이목을 집중시키고 있다.지난 18일(현지시간) 미국 IT 유튜버 폰오브타임(phoneoftime)은 유튜브에 삼성전자 '갤럭시폴드' 영상을 공개했다.유튜버는 영상을 통해 전원을 부팅하고 갤럭시 폴드를 접고 펼치는 등 실제 사용 모습을 보여줬다. 공개된 영상에는 화면이 꺼진 상태에서부터 켜진 이후 까지 '갤럭시폴드'의 디스플레이에 중간을 가로지르는 주름이 선명히 드러나있다.그러나 한 유튜버는 갤럭시 폴드를 풀 화면으로 펼치고 영상을 보거나 어플리케이션을 구동할때는 이같은 주름이 크게 눈에 띄지 않는다고 밝혔다.하지만 디스플레이가 꺼진 상태의 검은 화면에서는 주름을 육안으로 확인 할 수 있다고 밝혔다.외신들 역시 '디스플레이 주름이 '갤럭시폴드'의 신경 쓰이는 대목이라고 지적했다. 다만 제품이 다음달 말 출시될 예정인 만큼 추가 보완이 될 수 있다고 전망했다.내구성 논란을 의식한 듯한 삼성 역시 26일 유튜브를 통해 '갤럭시폴드'의 스트레스 테스트 영상을 공개하기도 했다.영상속 갤럭시 폴드 여섯 대는 로봇에 의해 접힘과 펼침을 반복하면서도 디스플레이 주름과 같은 내구성 문제를 일으키지 않는 모습을 보이고 있다.일각에서는 이러한 영상 공개가 소비자들의 품질 우려를 불식시키고 신뢰를 얻기 위한 삼성전자의 전략으로 풀이된다고 보고있다.한편 이같은 소식을 접한 네티즌들은 “접히는 부분이 티가 조금 난다는건 아쉽지만 1세대 제품이니 이해합니다”, “꺼진 화면이 아쉽네요”, “그래도 무조건 살 듯”, “유튜브를 통해 공개된 영상들이 테스트용 폴더블폰은 아닌가 하는 의구심도 들어요”등의 반응을 보이며 '갤럭시폴드'에 대한 아쉬움과 기대감을 드러냈다.이지은 인턴기자 kurohitomi0429@asiae.co.kr","“갤럭시 폴드, 디스플레이 가운데 주름이?”…실제 사용 영상 보니  "
56,"애플이 2015년 이후 맥북과 맥북 프로에 새롭게 적용한 3세대 버터플라이 키보드 결함에 대해 작년 6월에 이어 재차 사과 입장을 밝혔다.미국 월스트리트저널(WSJ)은 27일(현지시간) 여전히 개선 조치가 미흡한 버터플라이 키보드 문제를 비판한 기사에서 애플 대변인이 ""우리는 일부 사용자가 3세대 버터플라이와 관련된 문제를 겪고 있다는 것을 알고 있다""며 유감의 입장을 전했다(that the company is sorry)고 전했다.그러나 대변인은 ""맥북 고객의 대다수는 새로운 키보드로 긍정적인 경험을 하고 있다""고 덧붙였다.맥북의 3세대 키보드는 버터플라이 매커니즘으로 더 얇게 만들어졌지만 작은 먼지나 부스러기만으로도 키보드가 입력되지 않아 2세대 키보드 문제보다 심각하다는 지적을 받아왔다.키보드 기판 전체를 뜯어내거나 교체해야해 수리비용만 700달러에 달했다. 애플은 결함을 인정하지 않다가 지난해 사용자 1만7000여명이 캘리포니아 북부 지방법원에 짐단소송을 제기한 이후에야 결함을 인정하고 사과했다.당시 애플은 ""특정 맥북과 맥북 프로 모델 키보드 중 일부에 문제가 있음을 확인했다""며 ""애플과 공인 서비스 업체를 통해 문제의 키보드를 무상 서비스 한다""고 밝혔다.무상 서비스 모델은 2015년부터 2017년까지 생산된 모델로, 2018년 생산 모델은 제외 됐다.애플은 2018년부터 버터플라이 키보드에 실리콘 시트를 사용한 멤브레인을 보강했지만 고질적인 키보드 문제를 해결하지 못했다는 비판이 이어졌다.해외 유명 언박싱 유튜브 채널 '언박스 테라피'는 지난 1월, 2018년 출시된 신형 맥북 에어에서도 키보드 결함을 발견했다며 직접 시연해보여 화제를 모았다.미국 최대 온라인 커뮤니티 레딧(Reddit)과 유명인사들도 소셜 미디어에서도 비슷한 현상을 토로하는 글들을 어렵지 않게 찾을 수 있다.애플은 키보드로 인한 문제를 겪고 있다면 애플 고객지원 센터에 문의해야 한다고 당부했다. 해당 모델은 최초 구입일로부터 4년 동안 무상 수리를 받을 수 있지만 2018년 출시된 멤브레인 버터플라이 키보드 모델은 제외된 상태다.maxpress@cbs.co.kr저작권자 © CBS 노컷뉴스 무단전재 및 재배포 금지","애플, 맥북 '키보드 결함' 추가 사과 했지만..."
57,"[서울경제] 이동통신사 애플리케이션을 선탑재하지 않은갤럭시 S10 5G ‘언락폰(공기계)’을 통신사를 통해서도 구입할 수 있게 된다. 통신사용 언락폰이 판매되면 소비자들이 공시지원금 등의 혜택을 받으면서도 불필요한 통신사 앱이 없는 단말기를 사용할 수 있다.28일 업계에 따르면와는 다음 달 5일 갤럭시 S10 5G를 출시할 때 자사 앱을 탑재하지 않은 언락폰도 함께 내놓는다.도 출시 여부를 검토하고 있는 것으로 알려졌다.통신사 전용 모델과 자급제 모델이 아닌 통신사용 언락폰이 출시되는 것은 이번이 처음이다. 통신사 모델은 16~18개에 달하는 통신사 앱이 기본 탑재돼 있어 소비자들의 불만이 제기돼왔다. 자급제폰은 최근 인기가 높아지고 있지만 공시지원금 혜택을 받지 못한다는 단점이 있다. 반면 통신사용 언락폰은 통신사의 혜택을 그대로 받으면서 불필요한 앱이 없는 사용자 환경을 만들 수 있다.갤럭시 S10 5G 모델은 다음달 5일 256·512GB로 출시될 예정이다. 갤럭시 S10 시리즈 중 가장 큰 6.7인치 화면에 후면 쿼드(4개)·전면 듀얼(2개) 카메라를 탑재하고 있다. 가격은 256GB 기준 150만원대로 전망된다.갤럭시 S10 5G 모델의 출시 시기 결정과 함께 통신사들의 5G 요금제도 윤곽이 드러나고 있다.지난 25일 과학기술정보통신부에 신청했던 SKT의 5G 요금제는 이번 주 중 인가를 받게 될 것으로 전망된다. SKT 요금제는 5만원대부터 12만원대까지 구성된 것으로 알려졌다. 가장 저렴한 요금은 월 5만 5,000원에 8GB의 데이터를 제공하는 것으로 추정된다. SKT의 요금제가 인가를 받으면 KT와 LGU+도 곧바로 5G 요금제를 신청할 것으로 보인다.저작권자 ⓒ 서울경제, 무단 전재 및 재배포 금지",통신사도  갤S10 5G '공기계' 판매한다
58,"SK텔레콤의 5G(세대) 이동통신 요금제 인가 결정이 이번주 내려질 전망이다. 이번에 SK텔레콤이 추가한 5G 요금제는 '최저 5만5000원·8GB'로 추정된다.28일 통신업계에 따르면 SK텔레콤이 신청한 5G 요금제가 지난 26일 열린 이용약관심의자문위원회를 통과했다. SK텔레콤의 5G 요금제는 5만원대부터 12만원대까지 구성된 것으로 알려졌다. SK텔레콤의 5G 요금이 윤곽을 드러내면서, KT, LG유플러스도 조만간 5G 요금제를 확정하고, 내달 5일부터 5G 서비스에 나설 것으로 보인다.◇LTE 요금제 구성과 큰 차이 없어 통과 '전망' = SK텔레콤이 재인가를 신청한 5G 요금제에는 월 5만5000원에 데이터 8GB 가량을 제공하고, 이후 1Mbps 속도로 데이터를 이용할 수 있는 상품이 추가된 것으로 알려졌다. 이에 따라, SK텔레콤의 5G 요금제는 △5만5000원 8GB △7만5000원 150GB △9만5000원 200GB △12만5000원 300GB 요금제 등이 될 전망이다.SK텔레콤이 새로 추가한 5만원대 5G 요금제는 음성과 문자가 무제한으로 제공되고, 부가세를 포함하면 6만원대 초반에 이용할 수 있다. 현재 SK텔레콤의 LTE요금제인 'T플랜'은 5만원 구간에 기본 데이터 4GB를 제공하고, 그 이상 초과할 경우 1Mbps 이하의 3G 통신을 제공한다. 그 이하로는 추가 데이터 없이 3만3000원에 1.2GB를 공급하거나, 4만3000원에 2GB와 400kbps 이하의 3G 통신이 제공되는 저가 구간이다.사실상 LTE 요금제 구성과 큰 차이가 없는 것으로 보인다. 이통사들은 '데이터 소진 후 속도제어'라고 해도 사실상 무제한 요금제라는 설명이다. 와이파이 환경에서 동영상 등 대용량 데이터 서비스를 이용하는 소비자의 경우, 이 요금제를 이용해도 충분한 데이터 서비스가 가능하다는 설명이다.3G 이상 속도가 보장될 경우, 고화질 동영상 스트리밍, VR(가상현실) 등의 5G 콘텐츠 이용은 어렵지만 웹서핑은 가능하다. 통신업계 관계자는 ""(5만원대)5G 중저가 요금제를 실제 소비자가 이용하려면 5G 데이터 용량을 소진한 뒤에도 데이터를 계속 쓸 수 있어야 하기 때문에 속도를 늦추더라도 데이터는 무제한으로 제공키로 했다""고 말했다. 다만 데이터 소진 이후 속도 제한을 4G 수준으로 할지, 3G 수준으로 할지가 '5G 요금제' 차별화의 관건이 될 전망이다. 한 이용자는 ""LTE에서 3G로 속도가 떨어질 경우, 테더링이 끊기는 등 불편이 크다""면서 ""그러나 4G 수준으로 속도가 유지된다면 선택하는 이용자가 많을 것""으로 평가했다.이통사들은 이동통신 데이터 요율이 낮아지고 있다는 점도 강조하고 있다. 2006년까지 0.5kb당 2.5원이었던 데이터 요율은 2010년 0.025원, 2011년부터는 0.01원으로 떨어졌다. 통신업계 관계자는 ""5G 시대에는 과거보다 더 적은 비용으로, 더 많은 사람들이 더 많은 데이터를 이용할 수 있게 된 것""이라고 설명했다.◇'5G 요금제' 라면 '5G 콘텐츠' 즐길 수 있어야 = 중저가의 5G 요금제가 나오기는 했지만, 5G 기술이 접목된 5G 서비스를 정상적으로 구현하기에는 중저가 요금제로는 불충분 할 것이한 분석이다. 5만원대의 5G 요금제의 경우, 기존 LTE 요금제 5만원대·7만원대와 비교해 데이터량은 크게 차이가 안나지만 5G 시대 고객의 기대감을 충족시키기에는 거리가 먼 요금제라는 것이다. 통신업계에 따르면 4K 초고화질(UHD) 영상이나 VR 콘텐츠를 1시간 시청했을 때 12.3GB가 소요된다. 5만원대 요금제로는 5G를 경험할 수 있는 시간이 채 1시간도 안 된다.게다가 5G 요금제를 월 5만원대 요금제와 월 7만원대 요금제를 비교하면 불과 2만원 밖에 차이가 나지 않지만, 데이터 사용량은 15배 이상 차이난다.심화영기자 dorothy@dt.co.kr","중저가 5G요금 통과 앞뒀지만… ""실감영상 즐길 수 있겠나"""
59,"[서울신문 나우뉴스]현재 미국과 여러 서방 국가에서 운용 중인 UH-60 블랙호크나 CH-47 치누크는 실전에서 여러 번 검증을 거친 우수한 군용 헬리콥터지만, 오랜 시간 운용한 만큼 2020년대 후반부터 2030년대 초반부터 단계적으로 차기 헬리콥터로 교체될 예정이다. 이를 위해 미 육군은 그동안 개발한 신기술을 접목한 차세대 헬리콥터 프로젝트인 미래 수직이륙기 (Future Vertical Lift, FVL)를 추진 중이다.이 사업에 유력 후보인 벨 V-280 Valor는 최근 시속 280노트(시속 518㎞)의 최고 속도를 달성하면서 이름값을 했다. V-280 밸러는 틸트로터기로 수직이착륙 시에는 헬리콥터처럼 수직으로 올리고 이후 로터를 90도 회전시켜 고정익기처럼 비행해 항속 거리와 속도를 동시에 늘렸다. V-280에 가장 유력한 대항마는 시코르스키–보잉의 SB-1 Defiant(이하 SB-1)이다. SB-1은 지난 21일 플로리다에서 초도 비행에 성공했다.(사진)SB-1은 두 개의 로터가 반대 방향으로 회전하는 동축 반전식 헬리콥터로 고속으로 비행하기 위해 별도의 후방 로터를 지니고 있다. 따라서 일반적인 헬리콥터와 동일한 방식으로 운용하지만, 훨씬 빠른 속도를 자랑한다. 사실 SB-1은 이 회사가 개발 중인 S-97 레이더의 대형 버전이다. S-97 레이더는 미 육군 차세대 스카우트 헬리콥터 사업에 참여한 기체로 OH-58 Kiowa의 후계기를 목표로 개발되고 있다. 이렇게 수직 2개, 수평 1개의 로터를 사용하는 기술을 X-2 테크놀로지라고 불리는데, 로터 자체를 90도 수직으로 회전시키는 틸트로터 기술의 강력한 경쟁자라고 할 수 있다.틸트로터 기술은 고정익기처럼 비행하고 헬리콥터처럼 이착륙이 가능하지만, 서로 떨어진 두 개의 큰 로터를 사용하는 만큼 부피도 커지고 이착륙에 필요한 공간을 많이 차지한다. 구조 역시 복잡해 V-22 오스프리 같은 경우 상당히 고가일 뿐 아니라 정비 소요가 크다. X-2 테크놀로지는 상대적으로 작고 간단한 구조를 지녔지만, 기본적으로 고정익기처럼 비행이 불가능해 속도나 비행 효율 면에서 불리하다.각기 장단점이 있기 때문에 미 육군이 최종적으로 누구를 선정할지는 알기 어렵지만, 어느 쪽이 선정되든 기존의 군용 헬리콥터에 상당한 변화를 가져올 것으로 생각된다. 참고로 미 육군은 AH-64 아파치 공격 헬리콥터 역시 교체할 계획이어서 가까운 미래에 전통적인 형태의 헬리콥터 대신 차세대 수직 이착륙기가 새로운 주류가 될 것으로 예상된다.고든 정 칼럼니스트 jjy0501@naver.com★ []▶ [] []ⓒ 서울신문(www.seoul.co.kr), 무단전재 및 재배포금지",[핵잼 사이언스] 블랙호크 대체할 ‘슈퍼 헬리콥터’ 뜬다…SB-1 초도비행 성공
